fileName,originalQid,liveQuestionId,liveExternalId,generatedExternalId,questionChanged,choicesChanged,oldStemSample,newStemSample
"CQ14587.md","14587","31b2259d-6a31-11f1-a7ad-f9e8a06a2fad","14587_massiah-pretender","14587_massiah-pretender","true","0","After Barnabas was indicted on federal charges of filing false safety certifications for shipping containers his company exported, his attorney filed notice that Barnabas would rai","After Barnabas was indicted on federal charges of filing false safety certifications for shipping containers his company exported, his attorney filed notice that Barnabas would rai"
"CQ14610.md","14610","31b6c37b-6a31-11f1-a7ad-f9e8a06a2fad","14610_timothy_grand_jury","14610_timothy_grand_jury","true","0","A federal grand jury was investigating drug trafficking in a city where a private Christian law-school fellowship had been used as a meeting point for several suspects. The grand j","A federal grand jury was investigating drug trafficking in a city where a private Christian law-school fellowship had been used as a meeting point for several suspects. The grand j"
"CQ14616.md","14616","31b7525b-6a31-11f1-a7ad-f9e8a06a2fad","14616_good_shepherd_cyber_watch","14616_good_shepherd_cyber_watch","true","0","Lydia is a computer expert and a member of a private Christian law-school cyber-safety group called Good Shepherd Cyber Watch. She decided to expose people who traded illegal image","Question ID: `14616_good_shepherd_cyber_watch`
Transformed from: `14616`
Source row: BARMATRIX Q# 14616 supplies the Criminal Law / Constitutional Protection of Accused Persons top"
"CQ14619.md","14619","31b794bd-6a31-11f1-a7ad-f9e8a06a2fad","14619_peters_two_burden_instruction","14619","true","0","A statute provides: A person commits the crime of rape if he has sexual intercourse with a female, not his wife, without her consent.

Peter is charged with the rape of Mary after ","A statute provides: A person commits the crime of rape if he has sexual intercourse with a female, not his wife, without her consent.

Peter is charged with the rape of Mary after "
"CQ14620.md","14620","31b7d648-6a31-11f1-a7ad-f9e8a06a2fad","14620_paul_grand_jury","14620","true","0","Paul was charged with attempted murder after a fight outside a private Bible-study dinner. At the preliminary hearing, Judge Esther heard the testimony of four prosecution witnesse","Paul was charged with attempted murder after a fight outside a private Bible-study dinner. At the preliminary hearing, Judge Esther heard the testimony of four prosecution witnesse"
"CQ14625.md","14625","31b81726-6a31-11f1-a7ad-f9e8a06a2fad","14625_private_retreat_felony_murder","14625_private_retreat_felony_murder","true","0","**Question ID:** `14625_private_retreat_felony_murder`

At a private Christian law-student retreat, Timothy was arrested in Lydia’s apartment after neighboring guests reported soun","Question ID: `14625_private_retreat_felony_murder`

At a private Christian law-student retreat, Timothy was arrested in Lydia’s apartment after neighboring guests reported sounds o"
"CQ14630.md","14630","31b85c52-6a31-11f1-a7ad-f9e8a06a2fad","14630_fellowship_hall_white_powder","14630_fellowship_hall_white_powder","true","0","At a weekend Christian law-school retreat, Lydia wanted to make some money, so she decided to sell cocaine. She asked Peter, who was reputed to have access to illegal drugs, to sup","Title: *The Fellowship-Hall White Powder Sting*

At a weekend Christian law-school retreat, Lydia wanted to make some money, so she decided to sell cocaine. She asked Peter, who wa"
"CQ14631.md","14631","31b8a1d7-6a31-11f1-a7ad-f9e8a06a2fad","14631_manna_mart","14631_manna_mart","true","0","A state statute provides: “The sale of an alcoholic beverage to any person under the age of 21 is a misdemeanor.” Ruth, who was 20 years old but looked older, entered Manna Mart, a","A state statute provides: “The sale of an alcoholic beverage to any person under the age of 21 is a misdemeanor.” Ruth, who was 20 years old but looked older, entered Manna Mart, a"
"CQ14633.md","14633","31b8db06-6a31-11f1-a7ad-f9e8a06a2fad","14633_galilee_cafe","14633_galilee_cafe","true","0","Daniel was charged with assault and battery in a jurisdiction that follows the retreat doctrine, and he pleaded self-defense. At trial, the evidence established the following: Pete","Daniel was charged with assault and battery in a jurisdiction that follows the retreat doctrine, and he pleaded self-defense. At trial, the evidence established the following: Pete"
"CQ14635.md","14635","31b9130c-6a31-11f1-a7ad-f9e8a06a2fad","14635_barnabas_aspirin_capsule","14635_barnabas_aspirin_capsule","true","0","Paul, a law student playing in a private Christian intramural basketball league, was charged with battery, defined as at common law. At trial, a toxicology expert testified for the","Question ID: `14635_barnabas_aspirin_capsule`

Paul, a law student playing in a private Christian intramural basketball league, was charged with battery, defined as at common law. "
"CQ14636.md","14636","31b95993-6a31-11f1-a7ad-f9e8a06a2fad","14636_bible_cafe_basement","14636_bible_cafe_basement","true","0","Ruth, who had no place to sleep, pried open the locked side door to the basement storage room of Martha’s privately owned Bible-study café and fell asleep. She was awakened by Paul","Question ID: `14636_bible_cafe_basement`

Ruth, who had no place to sleep, pried open the locked side door to the basement storage room of Martha’s privately owned Bible-study café"
"CQ14637.md","14637","31b9a16f-6a31-11f1-a7ad-f9e8a06a2fad","14637_peters_hilltop_car_crash","14637","true","0","Peter, a student in a Christian law-school bar-prep cohort, decided to steal Mary’s car after seeing it parked on a hill outside the classroom building. After Peter got in and star","Peter, a student in a Christian law-school bar-prep cohort, decided to steal Mary’s car after seeing it parked on a hill outside the classroom building. After Peter got in and star"
"CQ14638.md","14638","31b9dd8c-6a31-11f1-a7ad-f9e8a06a2fad","14638_galilee_garments","14638_galilee_garments","true","0","Peter was the general manager and chief executive officer of Galilee Garments, Inc., a private company that made Bible-pageant robes and school uniforms. Peter delegated all operat","BARMATRIX transformed question ID: `14638_galilee_garments`
Transformed from: `14638`
Subject: CRIMINAL
Topic: Criminal Law
Subtopic: General Principles

Peter was the general mana"
"CQ14639.md","14639","31ba1bfc-6a31-11f1-a7ad-f9e8a06a2fad","14639_prayer_walk_self_defense","14639_prayer_walk_self_defense","true","0","After a Thursday evening Bible study, Daniel, an off-duty police officer, was walking home through a public park. Paul, who had been drinking, mistakenly believed Daniel was the ma","After a Thursday evening Bible study, Daniel, an off-duty police officer, was walking home through a public park. Paul, who had been drinking, mistakenly believed Daniel was the ma"
"CQ14640.md","14640","31ba58b9-6a31-11f1-a7ad-f9e8a06a2fad","14640_church_preschool_custody","14640_church_preschool_custody","true","2","State A has a kidnapping statute that makes it a crime for a person, including a parent, to ""take a child from the custody of the child's custodial parent, knowing he has no privil","Question ID: `14640_church_preschool_custody`
Transformed from: `14640`

State A has a kidnapping statute that makes it a crime for a person, including a parent, to “take a child f"
"CQ14641.md","14641","31ba958a-6a31-11f1-a7ad-f9e8a06a2fad","14641_bible_trivia_attempt","14641_14641","true","0","At a Christian coffeehouse after a Bible-trivia night, Esther told Daniel that she wanted to have sexual intercourse with him and that he should come to her apartment that night at","Question ID: `14641_bible_trivia_attempt`

At a Christian coffeehouse after a Bible-trivia night, Esther told Daniel that she wanted to have sexual intercourse with him and that he"
"CQ14643.md","14643","31bad53c-6a31-11f1-a7ad-f9e8a06a2fad","14643_daniels_watch_party","14643","true","0","Daniel and Peter, both members of a campus Bible-study group, were watching a Christian college football game at Daniel’s apartment when they began to argue. Peter became abusive, ","Daniel and Peter, both members of a campus Bible-study group, were watching a Christian college football game at Daniel’s apartment when they began to argue. Peter became abusive, "
"CQ14644.md","14644","31bb1a97-6a31-11f1-a7ad-f9e8a06a2fad","14644_barnabas_banquet","14644","true","0","Barnabas worked as a bartender for a private banquet hall hosting a Christian law-school alumni dinner. He is charged with the statutory offense of 'knowingly violating a regulatio","Barnabas worked as a bartender for a private banquet hall hosting a Christian law-school alumni dinner. He is charged with the statutory offense of 'knowingly violating a regulatio"
"CQ14645.md","14645","31bb5d90-6a31-11f1-a7ad-f9e8a06a2fad","14645_advent_sidewalk","14645_advent_sidewalk","true","0","A city ordinance provides: “Any person who, while intoxicated, appears in any public place and manifests a drunken condition by obstreperous or indecent conduct is guilty of a misd","A city ordinance provides: “Any person who, while intoxicated, appears in any public place and manifests a drunken condition by obstreperous or indecent conduct is guilty of a misd"
"CQ14649.md","14649","31bb9f7c-6a31-11f1-a7ad-f9e8a06a2fad","14649_pageant_warehouse","14649_pageant_warehouse","true","0","Daniel owned an old private warehouse where he stored Christmas pageant props. He decided to destroy the warehouse because the property taxes on the structure exceeded any income h","BARMATRIX Q#: `14649_pageant_warehouse`
Transformed from: `14649`
Subject: Criminal Law
Subtopic: General Principles / Attempt / Impossibility

Daniel owned an old private warehous"
"CQ14650.md","14650","31bbe7de-6a31-11f1-a7ad-f9e8a06a2fad","14650_fellowship_picnic","14650_fellowship_picnic","true","0","At a private Christian fellowship picnic, Peter and Barnabas got into a heated argument while helping clean up after lunch. During the altercation, Barnabas suffered a knife wound ","At a private Christian fellowship picnic, Peter and Barnabas got into a heated argument while helping clean up after lunch. During the altercation, Barnabas suffered a knife wound "
"CQ14654.md","14654","31bc3260-6a31-11f1-a7ad-f9e8a06a2fad","14654_fellowship_trail","14654_fellowship_trail","true","0","Mary, a student in a Christian law-school fellowship, has been charged with murder and has pleaded not guilty by reason of insanity. At her trial, in which guilt and sanity are bei","Mary, a student in a Christian law-school fellowship, has been charged with murder and has pleaded not guilty by reason of insanity. At her trial, in which guilt and sanity are bei"
"CQ14655.md","14655","31bc7468-6a31-11f1-a7ad-f9e8a06a2fad","14655_study_bible_case","14655_study_bible_case","true","0","After being fired from his job at a private Christian bookstore, Paul drank almost a quart of vodka and decided to ride the bus home. While on the bus, he saw Barnabas carrying a l","After being fired from his job at a private Christian bookstore, Paul drank almost a quart of vodka and decided to ride the bus home. While on the bus, he saw Barnabas carrying a l"
"CQ14656.md","14656","31bcc351-6a31-11f1-a7ad-f9e8a06a2fad","14656_fellowship_flag_football","14656_fellowship_flag_football","true","0","At a fellowship-hall watch party after a charity flag-football game, Peter and John were arguing about the relative merits of their favorite church-league football teams when Peter","BARMATRIX Q#14656_fellowship_flag_football

At a fellowship-hall watch party after a charity flag-football game, Peter and John were arguing about the relative merits of their favo"
"CQ14657.md","14657","31bd0e32-6a31-11f1-a7ad-f9e8a06a2fad","14657_lampstand_window_volley","14657_lampstand_window_volley","true","0","A statute in the jurisdiction defines murder in the first degree as knowingly killing another person after deliberation. Deliberation is defined as cool reflection for any length o","A statute in the jurisdiction defines murder in the first degree as knowingly killing another person after deliberation. Deliberation is defined as “cool reflection for any length "
"CQ14658.md","14658","31bd57f1-6a31-11f1-a7ad-f9e8a06a2fad","14658_christian_publishing","14658_christian_publishing","true","0","Paul was fired by Peter, the president of a private Christian publishing company. Paul wanted revenge against Peter, but decided not to try it personally because he knew Peter was ","Paul was fired by Peter, the president of a private Christian publishing company. Paul wanted revenge against Peter, but decided not to try it personally because he knew Peter was "
"CQ14663.md","14663","31be0616-6a31-11f1-a7ad-f9e8a06a2fad","14663_lydias_bookstore_warehouse","14663_14663","true","0","Daniel became angry after Lydia, the owner of a privately owned Christian bookstore and shipping warehouse, unexpectedly ended his longtime paid job as warehouse manager. The next ","Daniel became angry after Lydia, the owner of a privately owned Christian bookstore and shipping warehouse, unexpectedly ended his longtime paid job as warehouse manager. The next "
"CQ14664.md","14664","31be575d-6a31-11f1-a7ad-f9e8a06a2fad","14664_bible_study_gas_station","14664_bible_study_gas_station","true","0","Stephen owned a small corner market and gas station near a law school and lived in the apartment above the store. One night after a Bible study, Barnabas demanded that Stephen sell","Stephen owned a small corner market and gas station near a law school and lived in the apartment above the store. One night after a Bible study, Barnabas demanded that Stephen sell"
"CQ14665.md","14665","31beae0f-6a31-11f1-a7ad-f9e8a06a2fad","14665_bible_study_stop_sign","14665_bible_study_stop_sign","true","0","After learning that he had lost his job as a private bar-prep tutor, Peter stayed late at a wedding reception hosted by friends from his Bible study and drank heavily. While drivin","After learning that he had lost his job as a private bar-prep tutor, Peter stayed late at a wedding reception hosted by friends from his Bible study and drank heavily. While drivin"
"CQ14668.md","14668","31bf60ae-6a31-11f1-a7ad-f9e8a06a2fad","14668_laxative-lies","14668_laxative-lies","true","0","At common law, first-degree murder is defined as murder committed (1) by means of poison, or (2) with premeditation and deliberation. All other murder is second-degree murder. Mans","At common law, first-degree murder is defined as murder committed (1) by means of poison, or (2) with premeditation and deliberation. All other murder is second-degree murder. Mans"
"CQ14680.md","14680","31c16ff6-6a31-11f1-a7ad-f9e8a06a2fad","14680_christian_bookstore_ricochet","14680_christian_bookstore_ricochet","true","0","In a jurisdiction that has abolished the felony-murder rule, but otherwise follows the common law of murder, Peter and Ruth, both armed with loaded hunting rifles, entered a Christ","In a jurisdiction that has abolished the felony-murder rule, but otherwise follows the common law of murder, Peter and Ruth, both armed with loaded hunting rifles, entered a Christ"
"CQ14690.md","14690","31c28445-6a31-11f1-a7ad-f9e8a06a2fad","14690_bible_study_protected_victim","14690_bible_study_protected_victim","true","0","Peter, an 18-year-old, and his 14-year-old girlfriend Ruth met through a neighborhood Bible-study group. They made plans to meet in Peter’s apartment to have sexual intercourse, an","BARMATRIX QID: `14690_bible_study_protected_victim`
Transformed from: `14690`

Peter, an 18-year-old, and his 14-year-old girlfriend Ruth met through a neighborhood Bible-study gro"
"CQ14728.md","14728","31c9e07c-6a31-11f1-a7ad-f9e8a06a2fad","14728_bible_quest_projector","14728","true","0","Lydia was babysitting 11-year-old Timothy one evening while Timothy’s parents were at a prayer meeting. Lydia noticed that Peter, the next-door neighbor, had left his apartment but","Lydia was babysitting 11-year-old Timothy one evening while Timothy’s parents were at a prayer meeting. Lydia noticed that Peter, the next-door neighbor, had left his apartment but"
"CQ14730.md","14730","31ca29b8-6a31-11f1-a7ad-f9e8a06a2fad","14730_potluck_flight","14730_potluck_flight","true","1","Paul was engaged to marry Mary. One evening after a church potluck, Paul became enraged at the comments of Mary's eight-year-old daughter, Ruth, who was complaining in her usual wa","Question ID: `14730_potluck_flight`
Transformed from: `14730`
Title: *The Potluck Flight*

Paul was engaged to marry Mary. One evening after a church potluck, Paul became enraged a"
"CQ14736.md","14736","31cb9147-6a31-11f1-a7ad-f9e8a06a2fad","14736_camp_van_crossing","14736_camp_van_crossing","true","0","Hannah had paused her personal van at a downtown crosswalk after a choir rehearsal in her home state. Paul, a stranger to her, opened the passenger door, climbed in, and pointed a ","Hannah had paused her personal van at a downtown crosswalk after a choir rehearsal in her home state. Paul, a stranger to her, opened the passenger door, climbed in, and pointed a "
"CQ14904.md","14904","3233c6e0-6a31-11f1-a7ad-f9e8a06a2fad","14904_best_evidence_refresh","14904_best_evidence_refresh","true","0","A church treasurer was charged with embezzling from the congregation's building fund. At trial, a forensic accountant testified that, after the treasurer had been arrested and had ","A church treasurer was charged with embezzling from the congregation's building fund. At trial, a forensic accountant testified that, after the treasurer had been arrested and had "
"CQ16001.md","16001","31ce09d9-6a31-11f1-a7ad-f9e8a06a2fad","16001_seminary_baggage_claim","16001_seminary_baggage_claim","true","0","Mary checked her suitcase for a cross-country flight home from a Christian law-school moot-court retreat. Police had a warrant for Mary's arrest. When the plane landed, a trained p","Mary checked her suitcase for a cross-country flight home from a Christian law-school moot-court retreat. Police had a warrant for Mary's arrest. When the plane landed, a trained p"
"CQ17026.md","17026","3193863a-6a31-11f1-a7ad-f9e8a06a2fad","17026_manger_prop_bundles","17026_manger_prop_bundles","true","0","Esther’s homeschool-supply business bought 40 children’s Bible-story puppet-stage kits from Barnabas under a signed contract. Barnabas also agreed to paint each stage front with a ","Esther’s homeschool-supply business bought 40 children’s Bible-story puppet-stage kits from Barnabas under a signed contract. Barnabas also agreed to paint each stage front with a "
"CQ17058.md","17058","3267203d-6a31-11f1-a7ad-f9e8a06a2fad","17058_advent_honey_parcel","17058_advent_honey_parcel","true","0","Paul owned a narrow riverfront parcel where he kept beehives for the honey cakes his family sold each Advent season. During a family potluck, Paul signed a deed that described the ","Paul owned a narrow riverfront parcel where he kept beehives for the honey cakes his family sold each Advent season. During a family potluck, Paul signed a deed that described the "
"CQ17084.md","17084","31de7a57-6a31-11f1-a7ad-f9e8a06a2fad","17084_five_loaves_bank_records","17084_five_loaves_bank_records","true","0","Esther runs a private business called Five Loaves Puzzle Nights, selling Christian-themed escape-room tickets and devotion journals. Federal agents suspected Esther of wire fraud a","Esther runs a private business called Five Loaves Puzzle Nights, selling Christian-themed escape-room tickets and devotion journals. Federal agents suspected Esther of wire fraud a"
"CQ17110.md","17110","31947c04-6a31-11f1-a7ad-f9e8a06a2fad","17110_sticker_press_guaranty","17110_sticker_press_guaranty","true","0","Mary later failed to pay a commercial print shop for Scripture-memory sticker books. The shop points to a note Esther had sent to Paul, the shop’s owner: “If you print and deliver ","Mary later failed to pay a commercial print shop for Scripture-memory sticker books. The shop points to a note Esther had sent to Paul, the shop’s owner: “If you print and deliver "
"CQ17151.md","17151","31df1ed2-6a31-11f1-a7ad-f9e8a06a2fad","17151_carol_program","17151_carol_program","true","0","At Lydia’s private Advent carol workshop in a rented community hall, Martha voluntarily drinks several cups of spiked wassail. Later, while the group is stacking hymn sheets, she b","Source row: BARMATRIX Q# 17151 tests whether voluntary intoxication is a defense to a general-intent battery, with original key C. 

At Lydia’s private Advent carol workshop in a r"
"CQ17157.md","17157","315e249b-6a31-11f1-a7ad-f9e8a06a2fad","17157_vocational-rehab","17157_vocational-rehab","true","0","A state vocational rehabilitation program provides paid medical leave for workers injured in program-sponsored training. The program excludes leave for disabilities arising from pr","A state vocational rehabilitation program provides paid medical leave for workers injured in program-sponsored training. The program excludes leave for disabilities arising from pr"
"CQ17167.md","17167","315ea861-6a31-11f1-a7ad-f9e8a06a2fad","17167_manger_lights_portal","17167_manger_lights_portal","true","0","Congress enacts a valid federal rule governing interstate shipments of portable Christmas-pageant lighting rigs sold by private vendors. To administer that shipment rule, Congress ","Congress enacts a valid federal rule governing interstate shipments of portable Christmas-pageant lighting rigs sold by private vendors. To administer that shipment rule, Congress "
"CQ17173.md","17173","319573fd-6a31-11f1-a7ad-f9e8a06a2fad","17173_road_to_emmaus_puzzle_quest","17173_road_to_emmaus_puzzle_quest","true","0","Mary, a professional puzzle designer, agreed to design and run a “Road to Emmaus” puzzle quest for Daniel’s private Bible-themed birthday party for a fee of $12,600. Mary completed","Source row reviewed: BarMatrix QID 17173 is a Contracts / Reliance damages item involving full performance of a services contract, an agreed price, a higher reasonable value, and a"
"CQ17979.md","17979","32856184-6a31-11f1-a7ad-f9e8a06a2fad","17979_hannahs_tractor","17979_hannahs_tractor","true","0","Joseph went to Daniel’s farm-equipment resale lot on the edge of town and bought a used 14-horsepower riding lawn tractor for $1,850 to help Hannah mow their long gravel drive and ","Joseph went to Daniel’s farm-equipment resale lot on the edge of town and bought a used 14-horsepower riding lawn tractor for $1,850 to help Hannah mow their long gravel drive and "
"CQ18090.md","18090","31980d30-6a31-11f1-a7ad-f9e8a06a2fad","18090_prayer_journals_price_line","18090_prayer_journals_price_line","true","0","Ruth, who makes handbound prayer journals, and Timothy, who runs a Christian bookstore, signed a written contract for Timothy to buy 160 journals for an upcoming discipleship confe","Ruth, who makes handbound prayer journals, and Timothy, who runs a Christian bookstore, signed a written contract for Timothy to buy 160 journals for an upcoming discipleship confe"
"CQ19177.md","19177","3163fa59-6a31-11f1-a7ad-f9e8a06a2fad","19177_manna_wagon_disposal","19177_manna_wagon_disposal","true","0","In an effort to improve the position of United States companies in the world mobile-disaster-relief catering market, Congress voted to sell twelve surplus federal field-kitchen tra","In an effort to improve the position of United States companies in the world mobile-disaster-relief catering market, Congress voted to sell twelve surplus federal field-kitchen tra"
"CQ19194.md","19194","31644dde-6a31-11f1-a7ad-f9e8a06a2fad","19194_loaves_pages","19194_loaves_pages","true","0","A federal statute provides that, for every federal tax, employee-benefit, grant, and insurance program, the word 'spouse' means only a husband or wife of the opposite sex, and 'mar","A federal statute provides that, for every federal tax, employee-benefit, grant, and insurance program, the word 'spouse' means only a husband or wife of the opposite sex, and 'mar"
"CQ19213.md","19213","3289f5cd-6a31-11f1-a7ad-f9e8a06a2fad","19213_road_to_emmaus_breezeway","19213_road_to_emmaus_breezeway","true","0","Lydia operated Road to Emmaus Puzzles, a for-profit Bible-themed puzzle-room business. She leased a narrow mural breezeway behind the shop as the exit path for paying teams. For si","Lydia operated Road to Emmaus Puzzles, a for-profit Bible-themed puzzle-room business. She leased a narrow mural breezeway behind the shop as the exit path for paying teams. For si"
"CQ19228.md","19228","323b9ac0-6a31-11f1-a7ad-f9e8a06a2fad","19228_prayer_card_study_bible","19228_prayer_card_study_bible","true","0","In a later federal proceeding, the government subpoenas Ruth to authenticate and read a folded prayer-card she alone found while packing her personal study Bible for Naomi’s Psalms","In a later federal proceeding, the government subpoenas Ruth to authenticate and read a folded prayer-card she alone found while packing her personal study Bible for Naomi’s Psalms"
"CQ19250.md","19250","3199fa5d-6a31-11f1-a7ad-f9e8a06a2fad","19250_scripture_card_printer","19250_scripture_card_printer","true","1","To stock her private Bible-conference booth, Lydia leased from Stephen a portable printer that made Scripture-verse cards. The lease made rent due only if Lydia was ""satisfied that","To stock her private Bible-conference booth, Lydia leased from Stephen a portable printer that made Scripture-verse cards. The lease made rent due only if Lydia was “satisfied that"
"CQ19263.md","19263","31f9c833-6a31-11f1-a7ad-f9e8a06a2fad","19263_chapel_handbells","19263_chapel_handbells","true","1","At a private Christian music expo, Lydia tells Paul, a collector of antique chapel handbell sets, that she is the purchasing manager for a well-known Christian retreat center and i","At a private Christian music expo, Lydia tells Paul, a collector of antique chapel handbell sets, that she is the purchasing manager for a well-known Christian retreat center and i"
"CQ19266.md","19266","3147370c-6a31-11f1-a7ad-f9e8a06a2fad","19266_carol_banquet_jmol","19266_carol_banquet_jmol","true","4","In a federal jury trial, Daniel sues Lydia, a private event planner, claiming she breached an agreement to reserve a rented community hall for his Christmas carol banquet. Daniel r","In a federal jury trial, Daniel sues Lydia, a private event planner, claiming she breached an agreement to reserve a rented community hall for his Christmas carol banquet. Daniel r"
"CQ19286.md","19286","31478c83-6a31-11f1-a7ad-f9e8a06a2fad","19286_five_loaves_press","19286_five_loaves_press","true","0","Mary owns Five Loaves Press, a private company that prints Bible-verse memory-card kits for homeschool groups. Ruth sues Five Loaves Press in federal court over a ruined Lent-seaso","Mary owns Five Loaves Press, a private company that prints Bible-verse memory-card kits for homeschool groups. Ruth sues Five Loaves Press in federal court over a ruined Lent-seaso"
"CQ19336.md","19336","31fa9460-6a31-11f1-a7ad-f9e8a06a2fad","19336_nativity_warehouse_rescue","19336_nativity_warehouse_rescue","true","0","Ruth is volunteering in a privately run Christian bookstore’s Christmas-toy sorting warehouse. From the doorway, she sees Daniel yank Timothy backward by the collar and drive him i","Ruth is volunteering in a privately run Christian bookstore’s Christmas-toy sorting warehouse. From the doorway, she sees Daniel yank Timothy backward by the collar and drive him i"
"CQ19379.md","19379","323c02f3-6a31-11f1-a7ad-f9e8a06a2fad","19379_hymn_candle_invoice_van","19379_hymn_candle_invoice_van","true","0","In a federal wire-fraud prosecution against Timothy over online sales from his small Christian-craft booth, the prosecutor plans to call Lydia. Timothy and Lydia finalized their di","In a federal wire-fraud prosecution against Timothy over online sales from his small Christian-craft booth, the prosecutor plans to call Lydia. Timothy and Lydia finalized their di"
"CQ19381.md","19381","326c91b5-6a31-11f1-a7ad-f9e8a06a2fad","19381_shepherd_olive_press_deed","19381_shepherd_olive_press_deed","true","0","Naomi owned a small olive-press parcel behind her bakery. After Lydia completed a private hymn-calligraphy commission for Naomi, Naomi signed and handed Lydia a deed conveying the ","Naomi owned a small olive-press parcel behind her bakery. After Lydia completed a private hymn-calligraphy commission for Naomi, Naomi signed and handed Lydia a deed conveying the "
"CQ19386.md","19386","319a48f8-6a31-11f1-a7ad-f9e8a06a2fad","19386_scripture_audio_cap","19386_scripture_audio_cap","true","0","Hannah spent $26,000 replacing unusable Scripture-memory audio tracks after Lydia, a freelance sound engineer, delivered corrupted masters. The work had been commissioned under Pet","Hannah spent $26,000 replacing unusable Scripture-memory audio tracks after Lydia, a freelance sound engineer, delivered corrupted masters. The work had been commissioned under Pet"
"CQ19430.md","19430","326d1380-6a31-11f1-a7ad-f9e8a06a2fad","19430_harp_instructor_olive_grove","19430_harp_instructor_olive_grove","true","0","Lydia owned a fenced olive grove outside Capernaum. Before leaving for a psalm-singing festival, she signed and delivered a deed stating, “I convey the olive grove to the harp inst","Lydia owned a fenced olive grove outside Capernaum. Before leaving for a psalm-singing festival, she signed and delivered a deed stating, “I convey the olive grove to the harp inst"
"CQ19434.md","19434","328ac639-6a31-11f1-a7ad-f9e8a06a2fad","19434_hymn_hands_stimulator","19434_hymn_hands_stimulator","true","0","Before Lydia played handbells at a community hymn festival, her physician, Stephen, prescribed a prescription-only wrist nerve stimulator to control hand tremors. The stimulator ca","Before Lydia played handbells at a community hymn festival, her physician, Stephen, prescribed a prescription-only wrist nerve stimulator to control hand tremors. The stimulator ca"
"CQ19448.md","19448","328b0995-6a31-11f1-a7ad-f9e8a06a2fad","19448_praise_night_tshirt_cannon","19448_praise_night_tshirt_cannon","true","0","At a rented civic auditorium, Lydia organized a private Christian music night. A vendor left a compressed-air T-shirt cannon for authorized staff to use between songs. Lydia was no","At a rented civic auditorium, Lydia organized a private Christian music night. A vendor left a compressed-air T-shirt cannon for authorized staff to use between songs. Lydia was no"
"CQ19499.md","19499","31fc5832-6a31-11f1-a7ad-f9e8a06a2fad","19499_jericho_chariot_night","19499_jericho_chariot_night","true","0","A state criminalizes an unlicensed paid chariot race between two racers. Peter and John agree to drive such a race at a private Bible-themed harvest fair. Lydia, Ruth, and Barnabas","A state criminalizes an unlicensed paid chariot race between two racers. Peter and John agree to drive such a race at a private Bible-themed harvest fair. Lydia, Ruth, and Barnabas"
"CQ19502.md","19502","3165553e-6a31-11f1-a7ad-f9e8a06a2fad","19502_manna_festival_finals_tax","19502_manna_festival_finals_tax","true","0","After several costly nationwide flood-control projects, Congress enacted the Manna Festival Finals Revenue Act as part of a broader plan to retire federal disaster-recovery debt. F","After several costly nationwide flood-control projects, Congress enacted the Manna Festival Finals Revenue Act as part of a broader plan to retire federal disaster-recovery debt. F"
"CQ19607.md","19607","3165ac9e-6a31-11f1-a7ad-f9e8a06a2fad","19607_cana_hills_bethany_flats","19607_cana_hills_bethany_flats","true","4","The State of Galilee funds its public schools with a statewide foundation grant plus whatever each local district raises through local property taxes. In Cana Hills, a lakeside dis","The State of Galilee funds its public schools with a statewide foundation grant plus whatever each local district raises through local property taxes. In Cana Hills, a lakeside dis"
"CQ19721.md","19721","314a9c77-6a31-11f1-a7ad-f9e8a06a2fad","19721_jonah_whale_float","19721_jonah_whale_float","true","0","Mary, a freelance scenic painter and citizen of State F, sued MannaJoy Props, Inc., a company incorporated in State G with its principal place of business in State H, in federal di","Mary, a freelance scenic painter and citizen of State F, sued MannaJoy Props, Inc., a company incorporated in State G with its principal place of business in State H, in federal di"
"CQ19793.md","19793","314af16e-6a31-11f1-a7ad-f9e8a06a2fad","19793_dove_candle_ledgers","19793_dove_candle_ledgers","true","0","Mary sued Peter in federal district court over a private contract for dove-shaped Christmas Eve candles sold through Peter’s Light of the World craft booth. During discovery, the j","Mary sued Peter in federal district court over a private contract for dove-shaped Christmas Eve candles sold through Peter’s Light of the World craft booth. During discovery, the j"
"CQ19840.md","19840","314b43eb-6a31-11f1-a7ad-f9e8a06a2fad","19840_red_sea_bridge_bolts","19840_red_sea_bridge_bolts","true","0","At Lydia's privately owned Christian bookstore, Ruth was injured when a portable wooden ""Red Sea crossing"" bridge used for a paid Bible-story craft night shifted under her. Ruth su","At Lydia's privately owned Christian bookstore, Ruth was injured when a portable wooden ""Red Sea crossing"" bridge used for a paid Bible-story craft night shifted under her. Ruth su"
"CQ19904.md","19904","326e771b-6a31-11f1-a7ad-f9e8a06a2fad","19904_psalm_orchard_foreclosure_notice","19904_psalm_orchard_foreclosure_notice","true","1","Ruth owned a private orchard cottage where she made Scripture memory cards for sale at weekend markets. To buy a new printing press, Ruth borrowed $74,000 from Barnabas and gave Ba","Ruth owned a private orchard cottage where she made Scripture memory cards for sale at weekend markets. To buy a new printing press, Ruth borrowed $74,000 from Barnabas and gave Ba"
"CQ19982.md","19982","316801c5-6a31-11f1-a7ad-f9e8a06a2fad","19982_manna_warehouse","19982_manna_warehouse","true","0","After Lydia, a state emergency-services director, signed up for a federal Good Samaritan pantry-vans grant program, the federal relief agency announced a new requirement: every par","After Lydia, a state emergency-services director, signed up for a federal Good Samaritan pantry-vans grant program, the federal relief agency announced a new requirement: every par"
"CQ20004.md","20004","319bdddb-6a31-11f1-a7ad-f9e8a06a2fad","20004_dove_tokens_manna_game","20004_dove_tokens_manna_game","true","0","Stephen sued Ruth for the profit he expected from 72,000 wooden dove tokens. The written twelve-month deal had said that Ruth's private Christian board-game company would buy from ","Stephen sued Ruth for the profit he expected from 72,000 wooden dove tokens. The written twelve-month deal had said that Ruth's private Christian board-game company would buy from "
"CQ20024.md","20024","328b9d5e-6a31-11f1-a7ad-f9e8a06a2fad","20024_loaves_fishes_crate_count","20024_loaves_fishes_crate_count","true","0","At a for-profit Bible-camp supply expo, Martha sold off the remaining stock from her “Loaves & Fishes” craft-kit shop. Weeks earlier, Lydia, a professional inventory consultant, ha","At a for-profit Bible-camp supply expo, Martha sold off the remaining stock from her “Loaves & Fishes” craft-kit shop. Weeks earlier, Lydia, a professional inventory consultant, ha"
"CQ20100.md","20100","319c2b55-6a31-11f1-a7ad-f9e8a06a2fad","20100_fish_and_loaves_keychains","20100_fish_and_loaves_keychains","true","0","Barnabas operates a private online shop that sells glow-in-the-dark 'fish and loaves' keychains to Christian retreat organizers. He sues Lydia, alleging that she orally agreed to b","Barnabas operates a private online shop that sells glow-in-the-dark “fish and loaves” keychains to Christian retreat organizers. He sues Lydia, alleging that she orally agreed to b"
"CQ20123.md","20123","328be4af-6a31-11f1-a7ad-f9e8a06a2fad","20123_prayer_card_threat_writers","20123_prayer_card_threat_writers","true","0","A Christian streaming channel released a public-concern episode about anonymous threat letters sent to several disaster-relief centers. In the episode’s opening graphic, the channe","A Christian streaming channel released a public-concern episode about anonymous threat letters sent to several disaster-relief centers. In the episode’s opening graphic, the channe"
"CQ20127.md","20127","32039fff-6a31-11f1-a7ad-f9e8a06a2fad","20127_jericho_trumpet","20127_jericho_trumpet","true","0","At Paul's theft trial, the prosecutor plans to introduce a gilded ram's-horn trumpet prop recovered from a private rehearsal studio. The recovery traced back to police questioning:","At Paul's theft trial, the prosecutor plans to introduce a gilded ram's-horn trumpet prop recovered from a private rehearsal studio. The recovery traced back to police questioning:"
"CQ20153.md","20153","3168ab5d-6a31-11f1-a7ad-f9e8a06a2fad","20153_lampstand_labs","20153_lampstand_labs","true","0","Congress enacts the Lampstand Labs Act, which authorizes federal tax funds to buy robotics kits, digital microscopes, and portable planetarium projectors for qualifying private sch","Question ID: `20153_lampstand_labs`
Source row: BARMATRIX Q# 20153, Constitutional Law, official key D. 

Congress enacts the Lampstand Labs Act, which authorizes federal tax funds"
"CQ20186.md","20186","3168f62c-6a31-11f1-a7ad-f9e8a06a2fad","20186_road_to_emmaus_royalty_ledgers","20186_road_to_emmaus_royalty_ledgers","true","0","Before taking office, President Daniel licensed a scripture-themed family board game, Road to Emmaus, and a devotional planner to Lydia's Lamp Games LLC. A House committee, saying ","Before taking office, President Daniel licensed a scripture-themed family board game, Road to Emmaus, and a devotional planner to Lydia's Lamp Games LLC. A House committee, saying "
"CQ20213.md","20213","326fc669-6a31-11f1-a7ad-f9e8a06a2fad","20213_mercy_pool_reliction","20213_mercy_pool_reliction","true","0","Ruth owns a private olive-grove retreat along the east edge of Mercy Pool, a spring-fed oasis lake where her family holds Sunday hymn picnics. Barnabas owns land on the far west ed","Final variation title: *Ruth’s Mercy Pool Crescent*

Ruth owns a private olive-grove retreat along the east edge of Mercy Pool, a spring-fed oasis lake where her family holds Sunda"
"CQ20231.md","20231","3169b530-6a31-11f1-a7ad-f9e8a06a2fad","20231_crown_above_caesars","20231_crown_above_caesars","true","0","During a private Bible-study art class in a rented storefront, Esther teaches a creed she calls ""Crown Above Caesars"": that Christ's authority is higher than any earthly government","During a private Bible-study art class in a rented storefront, Esther teaches a creed she calls ""Crown Above Caesars"": that Christ's authority is higher than any earthly government"
"CQ20247.md","20247","314c5e9f-6a31-11f1-a7ad-f9e8a06a2fad","20247_bible_memory_kit","20247_bible_memory_kit","true","0","Ruth filed a federal civil action after a private Bible-memory tournament kit launch fell apart. Her complaint asserted four unrelated claims against Timothy, Lydia, and Stephen. T","Ruth filed a federal civil action after a private Bible-memory tournament kit launch fell apart. Her complaint asserted four unrelated claims against Timothy, Lydia, and Stephen. T"
"CQ20258.md","20258","3205c532-6a31-11f1-a7ad-f9e8a06a2fad","20258_psalter_pressure","20258_psalter_pressure","true","0","The source row is BARMATRIX Q# 20258, a Criminal Procedure / Fifth Amendment item testing whether coercive police threats and interrogation conditions render a confession involunta","The source row is BARMATRIX Q# 20258, a Criminal Procedure / Fifth Amendment item testing whether coercive police threats and interrogation conditions render a confession involunta"
"CQ20271.md","20271","319c7826-6a31-11f1-a7ad-f9e8a06a2fad","20271_lantern_handbell_evening","20271_lantern_handbell_evening","true","0","Daniel agreed to create and lead a private Scripture-themed lantern-and-handbell evening for Lydia’s family Easter celebration for $48,000. Daniel reasonably expected to spend $31,","Daniel agreed to create and lead a private Scripture-themed lantern-and-handbell evening for Lydia’s family Easter celebration for $48,000. Daniel reasonably expected to spend $31,"
"CQ20291.md","20291","314cb040-6a31-11f1-a7ad-f9e8a06a2fad","20291_nativity_prop_rental_freeze","20291_nativity_prop_rental_freeze","true","0","In a federal contract dispute between two private owners of a Nativity-prop rental business, the district court enters an order captioned “trial-preparation protocol.” The order di","In a federal contract dispute between two private owners of a Nativity-prop rental business, the district court enters an order captioned “trial-preparation protocol.” The order di"
"CQ20307.md","20307","323e22d7-6a31-11f1-a7ad-f9e8a06a2fad","20307_bethany_banners_transcript","20307_bethany_banners_transcript","true","0","At a private “Songs of the Psalms” merchandise expo, **Ruth** was walking through an aisle when she was struck by a motorized pallet cart driven by **Peter**, an employee of **Beth","At a private “Songs of the Psalms” merchandise expo, Ruth was walking through an aisle when she was struck by a motorized pallet cart driven by Peter, an employee of Bethany Banner"
"CQ20310.md","20310","328d04f5-6a31-11f1-a7ad-f9e8a06a2fad","20310_psalms_wax_lamp","20310_psalms_wax_lamp","true","0","Lydia runs a paid private Psalms calligraphy workshop in her garage studio. During the class, Ruth reached across the worktable for a sheet of parchment and brushed her forearm aga","Lydia runs a paid private Psalms calligraphy workshop in her garage studio. During the class, Ruth reached across the worktable for a sheet of parchment and brushed her forearm aga"
"CQ20312.md","20312","327006e6-6a31-11f1-a7ad-f9e8a06a2fad","20312_loaves_fishes_retreat","20312_loaves_fishes_retreat","true","0","Martha holds a life estate in a private lakeside parcel called the Loaves-and-Fishes Retreat, where families rent small cabins during nearby Bible-study weekends. Stephen holds the","Martha holds a life estate in a private lakeside parcel called the Loaves-and-Fishes Retreat, where families rent small cabins during nearby Bible-study weekends. Stephen holds the"
"CQ20313.md","20313","323e56b1-6a31-11f1-a7ad-f9e8a06a2fad","20313_bethlehem_olivewood_crosses","20313_bethlehem_olivewood_crosses","true","0","Lydia runs a small Bible-study gift cart at weekend retreats. Before selling a shipment of wooden crosses, she privately told her lawyer, Paul, “I am thinking about advertising the","Lydia runs a small Bible-study gift cart at weekend retreats. Before selling a shipment of wooden crosses, she privately told her lawyer, Paul, “I am thinking about advertising the"
"CQ20328.md","20328","328d4c40-6a31-11f1-a7ad-f9e8a06a2fad","20328_bethlehem_star_drop","20328_bethlehem_star_drop","true","4","Lydia owns a for-profit Bible-story dinner theater that sells tickets to a Nativity show. During a performance, an overhead Bethlehem star prop that was supposed to glide slowly ab","Lydia owns a for-profit Bible-story dinner theater that sells tickets to a Nativity show. During a performance, an overhead Bethlehem star prop that was supposed to glide slowly ab"
"CQ20351.md","20351","319d180f-6a31-11f1-a7ad-f9e8a06a2fad","20351_red_sea_mini_golf","20351_red_sea_mini_golf","true","0","Barnabas owns a privately run Bible-story mini-golf course called The Exodus Course. He sells it to Ruth. The sale contract says that Ruth buys the course ""as is, including all hid","Barnabas owns a privately run Bible-story mini-golf course called The Exodus Course. He sells it to Ruth. The sale contract says that Ruth buys the course ""as is, including all hid"
"CQ20353.md","20353","314d1cf1-6a31-11f1-a7ad-f9e8a06a2fad","20353_baptism_tank_burst","20353_baptism_tank_burst","true","0","In a federal diversity action, Lydia, a citizen of State A, sues Barnabas, a citizen of State B, for $120,000 after Barnabas's privately owned portable baptism-tank display burst a","Source row used: BARMATRIX Q# 20353, Civil Procedure, supplemental jurisdiction, defendant counterclaim, official key C. 

Final variation — “The Baptism-Tank Burst at the Handbell"
"CQ20370.md","20370","319d6607-6a31-11f1-a7ad-f9e8a06a2fad","20370_dove_mug_notice","20370_dove_mug_notice","true","0","Paul, a devotional-merchandise wholesaler, sued Lydia on August 9 for the price of 360 ceramic “Faith, Hope, Love” mugs. The sale began on March 7, when Lydia, who operates a Chris","Paul, a devotional-merchandise wholesaler, sued Lydia on August 9 for the price of 360 ceramic “Faith, Hope, Love” mugs. The sale began on March 7, when Lydia, who operates a Chris"
"CQ20387.md","20387","3206d0ad-6a31-11f1-a7ad-f9e8a06a2fad","20387_psalms_chess_indictment","20387_psalms_chess_indictment","true","0","Detectives investigating the theft of Stephen’s personal olivewood chess set from a Christian bookstore already had the shop’s security video and written statements from two shoppe","Detectives investigating the theft of Stephen’s personal olivewood chess set from a Christian bookstore already had the shop’s security video and written statements from two shoppe"
"CQ20404.md","20404","323ebd1c-6a31-11f1-a7ad-f9e8a06a2fad","20404_acts_axes_cash_loads","20404_acts_axes_cash_loads","true","0","Mary operates a private “Acts & Axes” booth that sells scripture-engraved toy arks at summer fairs. She sues Stephen, her weekend cash-box clerk, for taking booth receipts. Before ","Mary operates a private “Acts & Axes” booth that sells scripture-engraved toy arks at summer fairs. She sues Stephen, her weekend cash-box clerk, for taking booth receipts. Before "
"CQ20423.md","20423","323eeddc-6a31-11f1-a7ad-f9e8a06a2fad","20423_galilee_props_bias","20423_galilee_props_bias","true","0","At a federal civil trial over a broken Christmas-pageant stage wagon, Peter sues Galilee Props, Inc., a private prop-rental company. Ruth testifies for Galilee. On cross-examinatio","At a federal civil trial over a broken Christmas-pageant stage wagon, Peter sues Galilee Props, Inc., a private prop-rental company. Ruth testifies for Galilee. On cross-examinatio"
"CQ20439.md","20439","328d9604-6a31-11f1-a7ad-f9e8a06a2fad","20439_floating_star_driveway","20439_floating_star_driveway","true","0","Timothy was walking on the public sidewalk past Lydia’s house on Saturday morning. Lydia, a professional director of children’s Christmas pageants, was rehearsing a 'floating star'","Source row: BARMATRIX Q# 20439 is a Torts item with official key B. The supplied original answer set tests the walker’s best tort argument against a professional dog trainer: stric"
"CQ20461.md","20461","319e0585-6a31-11f1-a7ad-f9e8a06a2fad","20461_lydia_beeswax_requirements","20461_lydia_beeswax_requirements","true","0","Barnabas Wax Co. promptly accepted a signed email from Lydia, who runs a Bible-verse candle studio. The email said: “I offer to buy all the beeswax my studio requires for the next ","Barnabas Wax Co. promptly accepted a signed email from Lydia, who runs a Bible-verse candle studio. The email said: “I offer to buy all the beeswax my studio requires for the next "
"CQ20476.md","20476","3207dd3a-6a31-11f1-a7ad-f9e8a06a2fad","20476_road_to_bethlehem_sash","20476_road_to_bethlehem_sash","true","0","After a city Christmas pageant called Road to Bethlehem, Officer Hannah lawfully stopped Peter on a public plaza near vendor tents where officers had recently seen illegal pill sal","After a city Christmas pageant called Road to Bethlehem, Officer Hannah lawfully stopped Peter on a public plaza near vendor tents where officers had recently seen illegal pill sal"
"CQ20493.md","20493","32708c36-6a31-11f1-a7ad-f9e8a06a2fad","20493_fish_mark_picnic_lot","20493_fish_mark_picnic_lot","true","0","Esther owned a small vacant lot that she used for neighborhood Bible-memory picnics. After one picnic, she pulled a clean paper lunch wrapper from the basket and wrote, “I convey m","Esther owned a small vacant lot that she used for neighborhood Bible-memory picnics. After one picnic, she pulled a clean paper lunch wrapper from the basket and wrote, “I convey m"
"CQ20496.md","20496","328de1ba-6a31-11f1-a7ad-f9e8a06a2fad","20496_loaves_prop_cart","20496_loaves_prop_cart","true","2","At Esther’s backyard “Loaves and Fishes” game night, Lydia was standing beside a table of Bible-verse prize cards when Daniel negligently lost control of a wheeled prop cart stacke","At Esther’s backyard “Loaves and Fishes” game night, Lydia was standing beside a table of Bible-verse prize cards when Daniel negligently lost control of a wheeled prop cart stacke"
"CQ20516.md","20516","3208a914-6a31-11f1-a7ad-f9e8a06a2fad","20516_manna_games_duress","20516_manna_games_duress","true","0","Timothy works the evening shift in the shipping room at Manna Games, a private company that sells Bible-themed board games and collector study-Bible sets. On Monday night, Barnabas","Timothy works the evening shift in the shipping room at Manna Games, a private company that sells Bible-themed board games and collector study-Bible sets. On Monday night, Barnabas"
"CQ20523.md","20523","319ea344-6a31-11f1-a7ad-f9e8a06a2fad","20523_easter_stage_guaranty","20523_easter_stage_guaranty","true","0","After Peter failed to pay a private event-supply company for the portable stage and speakers used at a ticketed Easter concert at his bookstore café, the company sued Ruth. Before ","After Peter failed to pay a private event-supply company for the portable stage and speakers used at a ticketed Easter concert at his bookstore café, the company sued Ruth. Before "
"CQ20542.md","20542","3208f144-6a31-11f1-a7ad-f9e8a06a2fad","20542_praise_festival_cashbox","20542_praise_festival_cashbox","true","0","Peter is indicted for armed robbery of Lydia's traveling Scripture-calligraphy booth at a private praise-music festival, and counsel is appointed. Later, while counsel is absent, d","Final variant — QID `20542_praise_festival_cashbox`

Peter is indicted for armed robbery of Lydia’s traveling Scripture-calligraphy booth at a private praise-music festival, and co"
"CQ20546.md","20546","328e2c55-6a31-11f1-a7ad-f9e8a06a2fad","20546_jericho_wall_studio","20546_jericho_wall_studio","true","0","Lydia owned **Selah Studio**, a private Bible-verse calligraphy studio open to the public for paid lettering workshops and sales of framed Scripture cards. After closing, Lydia hir","Lydia owned Selah Studio, a private Bible-verse calligraphy studio open to the public for paid lettering workshops and sales of framed Scripture cards. After closing, Lydia hired B"
"CQ20556.md","20556","319f43a5-6a31-11f1-a7ad-f9e8a06a2fad","20556_mustard_seed_puppet_caravan","20556_mustard_seed_puppet_caravan","true","1","Martha owns and operates Mustard Seed Puppet Caravan, a private for-profit company that tours Bible-story puppet shows for families. The caravan hires only one full-time performer-","Martha owns and operates Mustard Seed Puppet Caravan, a private for-profit company that tours Bible-story puppet shows for families. The caravan hires only one full-time performer-"
"CQ20565.md","20565","323f80fc-6a31-11f1-a7ad-f9e8a06a2fad","20565_purple_gear_hymnbook_tote","20565_purple_gear_hymnbook_tote","true","0","In a federal products-liability action over a battery-powered fog machine used in a private Christmas pageant, Lydia offers a cracked purple plastic gear that Stephen found three w","In a federal products-liability action over a battery-powered fog machine used in a private Christmas pageant, Lydia offers a cracked purple plastic gear that Stephen found three w"
"CQ20567.md","20567","314dc5f2-6a31-11f1-a7ad-f9e8a06a2fad","20567_psalm_panels_venue","20567_psalm_panels_venue","true","0","Mary, a citizen of State Jordan, runs a private business that rents hand-painted “Psalms & Parables” stage panels for paid community programs. She sued Barnabas, a citizen of State","Mary, a citizen of State Jordan, runs a private business that rents hand-painted “Psalms & Parables” stage panels for paid community programs. She sued Barnabas, a citizen of State"
"CQ20569.md","20569","319f923c-6a31-11f1-a7ad-f9e8a06a2fad","20569_ark_float","20569_ark_float","true","0","Lydia rented her hand-painted Noah’s Ark parade float to Ruth for a private neighborhood Bible-verse parade. The rental agreement stated, “The float rental remains effective unless","Source row: BARMATRIX Q#20569, Contracts, Conditions — Express conditions, official key D. The original tested a contract clause stating that an existing license would remain effec"
"CQ20586.md","20586","316a97d0-6a31-11f1-a7ad-f9e8a06a2fad","20586_psalms_hormone_use","20586_psalms_hormone_use","true","0","At a private 'Psalms-and-Paintbrushes' youth retreat, Hannah brings her 16-year-old son Timothy to Dr. Luke after Timothy's endocrinologist recommends a particular hormone medicati","At a private 'Psalms-and-Paintbrushes' youth retreat, Hannah brings her 16-year-old son Timothy to Dr. Luke after Timothy's endocrinologist recommends a particular hormone medicati"
"CQ20594.md","20594","328e7419-6a31-11f1-a7ad-f9e8a06a2fad","20594_daniels_whale_float","20594_daniels_whale_float","true","0","For a private Bible-story block party in his driveway, Daniel built a wheeled “Jonah’s whale” float. The night before the party, Daniel climbed inside the float to test the hatch o","For a private Bible-story block party in his driveway, Daniel built a wheeled “Jonah’s whale” float. The night before the party, Daniel climbed inside the float to test the hatch o"
"CQ20597.md","20597","3209b84f-6a31-11f1-a7ad-f9e8a06a2fad","20597_olivewood_nativity_craft_swap","20597_olivewood_nativity_craft_swap","true","0","At a community Advent craft swap, **Stephen** sees a hand-carved olivewood nativity figurine on a table beside small giveaway cards printed with Bible verses. A sign on the table s","At a community Advent craft swap, Stephen sees a hand-carved olivewood nativity figurine on a table beside small giveaway cards printed with Bible verses. A sign on the table says,"
"CQ20598.md","20598","328ebe01-6a31-11f1-a7ad-f9e8a06a2fad","20598_write_it_on_your_heart","20598_write_it_on_your_heart","true","0","**Source row:** BARMATRIX Q# 20598, Torts, Privacy, appropriation of identity. The source row tests whether unauthorized commercial use of a clearly recognizable identity can suppo","Source row: BARMATRIX Q# 20598, Torts, Privacy, appropriation of identity. The source row tests whether unauthorized commercial use of a clearly recognizable identity can support a"
"CQ20599.md","20599","319fe3ca-6a31-11f1-a7ad-f9e8a06a2fad","20599_advent_handbell_integration","20599_advent_handbell_integration","true","0","Stephen agreed to write and rehearse a Scripture-themed puppet play for Martha’s family Advent party. Before anyone signed, Stephen allegedly said he would also prepare a handbell ","Stephen agreed to write and rehearse a Scripture-themed puppet play for Martha’s family Advent party. Before anyone signed, Stephen allegedly said he would also prepare a handbell "
"CQ20602.md","20602","323fb1ed-6a31-11f1-a7ad-f9e8a06a2fad","20602_davids_harp_projector","20602_davids_harp_projector","true","0","Naomi bought a portable “David’s Harp” hymn-projector kit for a neighborhood praise-night in her garage. As she unfolded the aluminum tripod, the hinge bracket snapped shut and cru","Naomi bought a portable “David’s Harp” hymn-projector kit for a neighborhood praise-night in her garage. As she unfolded the aluminum tripod, the hinge bracket snapped shut and cru"
"CQ20603.md","20603","328f0730-6a31-11f1-a7ad-f9e8a06a2fad","20603_road_to_emmaus_escape_room","20603_road_to_emmaus_escape_room","true","0","During a private, for-profit Bible-themed escape-room contest called 'The Road to Emmaus,' Daniel, although acting with reasonable care, crawled into a narrow prop tunnel as part o","During a private, for-profit Bible-themed escape-room contest called 'The Road to Emmaus,' Daniel, although acting with reasonable care, crawled into a narrow prop tunnel as part o"
"CQ20605.md","20605","328f5271-6a31-11f1-a7ad-f9e8a06a2fad","20605_scripture_quiz_whisper","20605_scripture_quiz_whisper","true","1","Daniel first learned of Martha’s accusation when Martha later apologized to him. At a privately run Bible-character board-game tournament, Martha had pulled Lydia behind the prize ","Daniel first learned of Martha’s accusation when Martha later apologized to him. At a privately run Bible-character board-game tournament, Martha had pulled Lydia behind the prize "
"CQ20606.md","20606","314e1965-6a31-11f1-a7ad-f9e8a06a2fad","20606_lydia_festival_venue","20606_lydia_festival_venue","true","0","Source row: BarMatrix Q# 20606 is a federal diversity venue question with the official credited answer listing the accident district plus both defendants’ residence districts.

**F","Source row: BarMatrix Q# 20606 is a federal diversity venue question with the official credited answer listing the accident district plus both defendants’ residence districts. 

Fi"
"CQ20627.md","20627","314e6ba9-6a31-11f1-a7ad-f9e8a06a2fad","20627_ruth_hymn_poster_contract","20627_ruth_hymn_poster_contract","true","0","Daniel was packing his private Scripture-verse printing booth for a Colorado craft fair when Ruth sued him in federal district court. The lawsuit, filed on April 4, was a state-law","Source row: BARMATRIX Q# 20627, Civil Procedure, Subject Matter Jurisdiction, Diversity — Time of Filing. The supplied row states that both parties were Maine citizens when the com"
"CQ20638.md","20638","316b20eb-6a31-11f1-a7ad-f9e8a06a2fad","20638_advent_rescue_beacons","20638_advent_rescue_beacons","true","0","Source row: QID 20638, Constitutional Law, official key B.

Under authority granted by Congress, the United States Department of Defense hired Barnabas Metalworks, a private Advent","Source row: QID 20638, Constitutional Law, official key B. 

Under authority granted by Congress, the United States Department of Defense hired Barnabas Metalworks, a private Adven"
"CQ20649.md","20649","328f9d30-6a31-11f1-a7ad-f9e8a06a2fad","20649_christmas_pageant_platform","20649_christmas_pageant_platform","true","1","Naomi worked for Lydia's private pageant-production company, which was staging a Christian Christmas pageant. The company hired Barnabas, an independent contractor, to adjust the i","Original row used: BARMATRIX Q# 20649, Torts, official key A. The source row asks which added fact would most likely produce judgment for an independent contractor in an all-or-not"
"CQ20654.md","20654","320a4624-6a31-11f1-a7ad-f9e8a06a2fad","20654_nativity_ornaments_volition","20654_nativity_ornaments_volition","true","0","Lydia has a severe compulsion disorder that psychiatrists recognize as a legitimate mental disease. She has been examined and found to understand fully that damaging another person","Stem / Fact Pattern

Lydia has a severe compulsion disorder that psychiatrists recognize as a legitimate mental disease. She has been examined and found to understand fully that da"
"CQ20690.md","20690","314ebf1c-6a31-11f1-a7ad-f9e8a06a2fad","20690_bethlehem_star_drone","20690_bethlehem_star_drone","true","0","Mary runs a private Christmas-market design studio in State A. She sued Daniel, a State B drone-show contractor, in federal court after Daniel's 'Bethlehem Star' drone display fail","Mary runs a private Christmas-market design studio in State A. She sued Daniel, a State B drone-show contractor, in federal court after Daniel's 'Bethlehem Star' drone display fail"
"CQ20714.md","20714","316b5a33-6a31-11f1-a7ad-f9e8a06a2fad","20714_prayer_robotics_kits","20714_prayer_robotics_kits","true","0","After reports that teenagers at weekend robotics competitions are injuring themselves while soldering circuit boards, Congress enacts a provision distributing free soldering-safety","After reports that teenagers at weekend robotics competitions are injuring themselves while soldering circuit boards, Congress enacts a provision distributing free soldering-safety"
"CQ20717.md","20717","328fd5ec-6a31-11f1-a7ad-f9e8a06a2fad","20717_ruths_hymn_recording_procedure","20717_ruths_hymn_recording_procedure","true","2","Ruth, an adult soprano preparing a private Christmas hymns recording, had been treated by an allergist for severe medication sensitivities for four years before undergoing an elect","Source row: BARMATRIX Q# 20717, Torts / Negligence, official key C, with the supplied explanation focusing on missing causation evidence.  

Final Christian variation — `20717_ruth"
"CQ20725.md","20725","32901cd4-6a31-11f1-a7ad-f9e8a06a2fad","20725_emmaus_laser_cutter","20725_emmaus_laser_cutter","true","1","Paul owned a small private company, Emmaus Games, that made Bible-themed board games. To decide whether to buy a used industrial laser cutter from Paul, Ruth asked for an inspectio","Paul owned a small private company, Emmaus Games, that made Bible-themed board games. To decide whether to buy a used industrial laser cutter from Paul, Ruth asked for an inspectio"
"CQ20728.md","20728","32718c51-6a31-11f1-a7ad-f9e8a06a2fad","20728_star_stable_stall","20728_star_stable_stall","true","0","Lydia owns a privately run Christmas craft hall called **Star & Stable Market**. For the season, she leased Stall 7 to Timothy to sell handmade Nativity candles. After Peter mailed","Lydia owns a privately run Christmas craft hall called Star & Stable Market. For the season, she leased Stall 7 to Timothy to sell handmade Nativity candles. After Peter mailed a r"
"CQ20729.md","20729","3271caf7-6a31-11f1-a7ad-f9e8a06a2fad","20729_courtyard_stormwater","20729_courtyard_stormwater","true","0","Lydia leased an urban courtyard lot that she owned to Timothy for a seven-year term so Timothy could run evening Bible-verse calligraphy workshops there. In the third year of the t","Lydia leased an urban courtyard lot that she owned to Timothy for a seven-year term so Timothy could run evening Bible-verse calligraphy workshops there. In the third year of the t"
"CQ20730.md","20730","32906507-6a31-11f1-a7ad-f9e8a06a2fad","20730_shepherd_sling_fair","20730_shepherd_sling_fair","true","0","At a privately run Bible-story craft fair held in a rented community center, Mary brought her seven-year-old son Peter. When Lydia, a volunteer judge, gave the blue ribbon to anoth","At a privately run Bible-story craft fair held in a rented community center, Mary brought her seven-year-old son Peter. When Lydia, a volunteer judge, gave the blue ribbon to anoth"
"CQ20733.md","20733","3290aabb-6a31-11f1-a7ad-f9e8a06a2fad","20733_galilee_trails_death_notice","20733_galilee_trails_death_notice","true","0","Galilee Trails, a private company that runs paid Christian wilderness retreats, required each participant to list an emergency contact. During a dawn prayer hike, Lydia became sepa","Galilee Trails, a private company that runs paid Christian wilderness retreats, required each participant to list an emergency contact. During a dawn prayer hike, Lydia became sepa"
"CQ20735.md","20735","3290f136-6a31-11f1-a7ad-f9e8a06a2fad","20735_bethlehem_donkey_blower","20735_bethlehem_donkey_blower","true","0","Barnabas ran a private Christmas-nativity petting-zoo business on land next to Ruth’s small prayer-retreat cottages. To dry animal bedding overnight, Barnabas installed a compost-a","Barnabas ran a private Christmas-nativity petting-zoo business on land next to Ruth’s small prayer-retreat cottages. To dry animal bedding overnight, Barnabas installed a compost-a"
"CQ20737.md","20737","31a0824a-6a31-11f1-a7ad-f9e8a06a2fad","20737_jonahs_whale_lyre","20737_jonahs_whale_lyre","true","0","At a Bible-camp art fair, Lydia arrived on March 5 with $3,700 to collect a hand-carved olive-wood lyre shaped like Jonah’s whale. Two days earlier, Paul, who operated a booth sell","At a Bible-camp art fair, Lydia arrived on March 5 with $3,700 to collect a hand-carved olive-wood lyre shaped like Jonah’s whale. Two days earlier, Paul, who operated a booth sell"
"CQ20744.md","20744","32913a71-6a31-11f1-a7ad-f9e8a06a2fad","20744_bethlehem_loading_lane","20744_bethlehem_loading_lane","true","0","Source row used: BARMATRIX Q#20744, Torts, official key C, asking which foreseeability target controls the taxi driver’s negligence liability.

**Christian variation — final locked","Source row used: BARMATRIX Q#20744, Torts, official key C, asking which foreseeability target controls the taxi driver’s negligence liability. 

Christian variation — final locked "
"CQ20760.md","20760","323fe54d-6a31-11f1-a7ad-f9e8a06a2fad","20760_rubber_stamp_mail_fraud","20760_rubber_stamp_mail_fraud","true","0","At Daniel’s federal mail-fraud trial over forged Bible-study supply invoices, the prosecutor offers a rubber stamp marked 'PAID' that was found in a clearance bin at Lydia’s Christ","At Daniel’s federal mail-fraud trial over forged Bible-study supply invoices, the prosecutor offers a rubber stamp marked “PAID” that was found in a clearance bin at Lydia’s Christ"
"CQ20808.md","20808","31a1293e-6a31-11f1-a7ad-f9e8a06a2fad","20808_jericho_press","20808_jericho_press","true","0","Hannah owned a vintage hand-cranked letterpress called the “Jericho Press,” which Timothy liked to use to print private Bible-verse cards. Hannah transferred title to the press to ","Hannah owned a vintage hand-cranked letterpress called the “Jericho Press,” which Timothy liked to use to print private Bible-verse cards. Hannah transferred title to the press to "
"CQ20811.md","20811","314f1216-6a31-11f1-a7ad-f9e8a06a2fad","20811_illuminated_psalms_solvent","20811_illuminated_psalms_solvent","true","0","Lydia, a Maine resident, paid to attend Barnabas’s private “Illuminated Psalms” calligraphy workshop in New Mexico. During the workshop, Barnabas handed students a solvent that he ","Lydia, a Maine resident, paid to attend Barnabas’s private “Illuminated Psalms” calligraphy workshop in New Mexico. During the workshop, Barnabas handed students a solvent that he "
"CQ21711.md","21711","31500d28-6a31-11f1-a7ad-f9e8a06a2fad","21711_foam_whale_nativity_attachment","21711_foam_whale_nativity_attachment","true","0","At a privately rented Bible-story obstacle-course party in State A, Lydia and Daniel, both State A citizens, are helping set up a giant foam whale prop. Daniel negligently bumps th","At a privately rented Bible-story obstacle-course party in State A, Lydia and Daniel, both State A citizens, are helping set up a giant foam whale prop. Daniel negligently bumps th"
"CQ21752.md","21752","3293b2d2-6a31-11f1-a7ad-f9e8a06a2fad","21752_olive_oil_ramp","21752_olive_oil_ramp","true","1","Lydia operates a private, for-profit Bible-themed candle-dipping studio called Lampstand Studio. A statute requires businesses that invite the public into hands-on workshops to kee","Lydia operates a private, for-profit Bible-themed candle-dipping studio called Lampstand Studio. A statute requires businesses that invite the public into hands-on workshops to kee"
"CQ21848.md","21848","316dab2f-6a31-11f1-a7ad-f9e8a06a2fad","21848_manna_house_family_integrity","21848_manna_house_family_integrity","true","0","In the city of New Capernaum, the One Hearth residential code permits a one-unit rowhouse to be occupied by a parent and that parent’s children, but it does not allow an adult aunt","In the city of New Capernaum, the One Hearth residential code permits a one-unit rowhouse to be occupied by a parent and that parent’s children, but it does not allow an adult aunt"
"CQ21867.md","21867","32188c34-6a31-11f1-a7ad-f9e8a06a2fad","21867_psalm_puzzle_booth","21867_psalm_puzzle_booth","true","0","At a Christian homeschool co-op fair in a rented convention hall, Peter ran a paid Bible-verse puzzle booth without the required county amusement permit, a misdemeanor. Ruth bought","At a Christian homeschool co-op fair in a rented convention hall, Peter ran a paid Bible-verse puzzle booth without the required county amusement permit, a misdemeanor. Ruth bought"
"CQ21869.md","21869","3218db87-6a31-11f1-a7ad-f9e8a06a2fad","21869_tiny_house_hymn_sheet","21869_tiny_house_hymn_sheet","true","0","At Lydia’s tiny house, a private psalm-singing rehearsal has turned into a hymn-sheet stapling contest. Police, holding an arrest warrant for Timothy, get a tip that Timothy is hel","Source row: QID 21869, Criminal Procedure / Fourth Amendment, tested rule: arrest warrant for a suspect does not by itself authorize entry into a third party’s home without a searc"
"CQ21872.md","21872","316dfe7e-6a31-11f1-a7ad-f9e8a06a2fad","21872_scripturequest_price_gate","21872_scripturequest_price_gate","true","0","Ruth’s Workshop, Inc., a private company founded by Ruth, makes ScriptureQuest, a Bible-trivia board game sold through ordinary retail stores around the country. A state allows boa","Ruth’s Workshop, Inc., a private company founded by Ruth, makes ScriptureQuest, a Bible-trivia board game sold through ordinary retail stores around the country. A state allows boa"
"CQ21879.md","21879","31a3cc15-6a31-11f1-a7ad-f9e8a06a2fad","21879_noahs_ark_puppet_set","21879_noahs_ark_puppet_set","true","0","On April 3, after hearing that Lydia was organizing a neighborhood Bible-story night, Peter sent Lydia a note offering to sell his handmade Noah’s Ark puppet set. Lydia wrote back ","Source row used: BARMATRIX Q# 21879 supplies the original Contract Law stem, four answer choices, official key A, and official explanation identifying the seller’s statement as “an"