fileName,originalQid,reason,liveExternalIds
"CQ14595.md","14595","generator quarantine","14595_daniel_riverside_cabin"
"CQ14676_church_youth_accusation.md","14676","generator quarantine","14676_church_youth_accusation"
"CQ14685.md","14685","generator quarantine","14685_peter_hammer"
"CQ14931.md","14931","generator quarantine","14931_parchment_chapel_lot"
"CQ15014.md","15014","generator quarantine","15014"
"CQ15054.md","15054","generator quarantine","15054_sparrowfield_retreat"
"CQ15100.md","15100","generator quarantine","15100_naomi-pickup"
"CQ17034.md","17034","generator quarantine","17034_church-mercy-ministry-trauma-notice"
"CQ17345.md","17345","generator quarantine","17345_retreat_cider"
"CQ17776.md","17776","generator quarantine","17776_hannah-delivery"
"CQ18217.md","18217","generator quarantine","18217_youth_rally_stop"
"CQ18385.md","18385","generator quarantine","18385_rebecca-cell"
"CQ19064.md","19064","generator quarantine","19064_joel-dose"
"CQ19099.md","19099","generator quarantine","19099"
"CQ19143.md","19143","generator quarantine","19143_naomi-impound"
"CQ19692.md","19692","generator quarantine","19692"
"CQ20031.md","20031","generator quarantine","20031_hallelujah_handbells"
"CQ20168.md","20168","generator quarantine","20168_caleb-theft"
"CQ20575.md","20575","generator quarantine","20575_miriam-sedan"
"CQ21131.md","21131","generator quarantine","21131"
"CQ21244.md","21244","generator quarantine","21244"
"CQ21707.md","21707","generator quarantine","21707"
"CQ21770.md","21770","generator quarantine","21770_abigail-stool"
"CQ22408.md","22408","generator quarantine","22408"
"CQ22409.md","22409","generator quarantine","22409"