"fileName","originalQid","numericGeneratorName","generatorStatus","generatedExternalId","quarantineReasons","liveMatchCount","liveExternalIds","liveQuestionIds","liveChoiceCounts"
"CQ14141.md","14141","True","PASS","14141_dovesound_review","","0","","",""
"CQ14215.md","14215","True","PASS","14215_daniel_cedar_bookcases","","0","","",""
"CQ14228.md","14228","True","PASS","14228_road_to_emmaus_shuttle","","0","","",""
"CQ14238.md","14238","True","PASS","14238_lydias_barnabas_brief","","0","","",""
"CQ14411.md","14411","True","QUARANTINE","","missing or implausibly short stem","0","","",""
"CQ14507.md","14507","True","QUARANTINE","","missing or implausibly short stem","0","","",""
"CQ14554.md","14554","True","QUARANTINE","","missing or implausibly short stem","0","","",""
"CQ14555.md","14555","True","PASS","14555_private_bookstore_plea","","0","","",""
"CQ14557.md","14557","True","QUARANTINE","","unknown subject: UNKNOWN; missing call; official_key is not A-D; missing choice A; missing choice B; missing choice C; missing choice D","0","","",""
"CQ14578.md","14578","True","QUARANTINE","","B1 YAML missing barmatrix_row","0","","",""
"CQ14587.md","14587","True","QUARANTINE","","missing/unparseable B3 c3_annotation JSON block; missing/unparseable B4 program_elements JSON block; missing/unparseable B5 program_intelligence JSON block","1","14587_massiah-pretender","31b2259d-6a31-11f1-a7ad-f9e8a06a2fad","4"
"CQ14595.md","14595","True","QUARANTINE","","B1 YAML failed to parse: Nested mappings are not allowed in compact mappings at line 79, column 26:","1","14595_daniel_riverside_cabin","31b413dc-6a31-11f1-a7ad-f9e8a06a2fad","4"
"CQ14610.md","14610","True","PASS","14610_timothy_grand_jury","","1","14610_timothy_grand_jury","31b6c37b-6a31-11f1-a7ad-f9e8a06a2fad","4"
"CQ14616.md","14616","True","PASS","14616_good_shepherd_cyber_watch","","1","14616_good_shepherd_cyber_watch","31b7525b-6a31-11f1-a7ad-f9e8a06a2fad","4"
"CQ14618.md","14618","True","QUARANTINE","","unknown subject: UNKNOWN; missing or implausibly short stem; missing call; official_key is not A-D; missing choice A; missing choice B; missing choice C; missing choice D","0","","",""
"CQ14619.md","14619","True","PASS","14619","","1","14619_peters_two_burden_instruction","31b794bd-6a31-11f1-a7ad-f9e8a06a2fad","4"
"CQ14620.md","14620","True","PASS","14620","","1","14620_paul_grand_jury","31b7d648-6a31-11f1-a7ad-f9e8a06a2fad","4"
"CQ14621.md","14621","True","QUARANTINE","","unknown subject: UNKNOWN; missing or implausibly short stem; missing call; official_key is not A-D; missing choice A; missing choice B; missing choice C; missing choice D","0","","",""
"CQ14625.md","14625","True","QUARANTINE","","missing call","1","14625_private_retreat_felony_murder","31b81726-6a31-11f1-a7ad-f9e8a06a2fad","4"
"CQ14626.md","14626","True","PASS","14626_lydias_sentencing_plan","","0","","",""
"CQ14627.md","14627","True","PASS","14627_galilee_honey_farm","","0","","",""
"CQ14629.md","14629","True","PASS","14629_parent_room_confession","","0","","",""
"CQ14630.md","14630","True","PASS","14630_fellowship_hall_white_powder","","1","14630_fellowship_hall_white_powder","31b85c52-6a31-11f1-a7ad-f9e8a06a2fad","4"
"CQ14631.md","14631","True","PASS","14631_manna_mart","","1","14631_manna_mart","31b8a1d7-6a31-11f1-a7ad-f9e8a06a2fad","4"
"CQ14633.md","14633","True","PASS","14633_galilee_cafe","","1","14633_galilee_cafe","31b8db06-6a31-11f1-a7ad-f9e8a06a2fad","4"
"CQ14634.md","14634","True","PASS","14634_chapel_bookstore_grab","","0","","",""
"CQ14635.md","14635","True","PASS","14635_barnabas_aspirin_capsule","","1","14635_barnabas_aspirin_capsule","31b9130c-6a31-11f1-a7ad-f9e8a06a2fad","4"
"CQ14636.md","14636","True","PASS","14636_bible_cafe_basement","","1","14636_bible_cafe_basement","31b95993-6a31-11f1-a7ad-f9e8a06a2fad","4"
"CQ14637.md","14637","True","PASS","14637","","1","14637_peters_hilltop_car_crash","31b9a16f-6a31-11f1-a7ad-f9e8a06a2fad","4"
"CQ14638.md","14638","True","PASS","14638_galilee_garments","","1","14638_galilee_garments","31b9dd8c-6a31-11f1-a7ad-f9e8a06a2fad","4"
"CQ14639.md","14639","True","PASS","14639_prayer_walk_self_defense","","1","14639_prayer_walk_self_defense","31ba1bfc-6a31-11f1-a7ad-f9e8a06a2fad","4"
"CQ14640.md","14640","True","PASS","14640_church_preschool_custody","","1","14640_church_preschool_custody","31ba58b9-6a31-11f1-a7ad-f9e8a06a2fad","4"
"CQ14641.md","14641","True","PASS","14641","","1","14641_bible_trivia_attempt","31ba958a-6a31-11f1-a7ad-f9e8a06a2fad","4"
"CQ14643.md","14643","True","PASS","14643","","1","14643_daniels_watch_party","31bad53c-6a31-11f1-a7ad-f9e8a06a2fad","4"
"CQ14644.md","14644","True","PASS","14644","","1","14644_barnabas_banquet","31bb1a97-6a31-11f1-a7ad-f9e8a06a2fad","4"
"CQ14645.md","14645","True","PASS","14645_advent_sidewalk","","1","14645_advent_sidewalk","31bb5d90-6a31-11f1-a7ad-f9e8a06a2fad","4"
"CQ14649.md","14649","True","PASS","14649","","1","14649_pageant_warehouse","31bb9f7c-6a31-11f1-a7ad-f9e8a06a2fad","4"
"CQ14650.md","14650","True","PASS","14650_fellowship_picnic","","1","14650_fellowship_picnic","31bbe7de-6a31-11f1-a7ad-f9e8a06a2fad","4"
"CQ14654.md","14654","True","PASS","14654_fellowship_trail","","1","14654_fellowship_trail","31bc3260-6a31-11f1-a7ad-f9e8a06a2fad","4"
"CQ14655.md","14655","True","PASS","14655_study_bible_case","","1","14655_study_bible_case","31bc7468-6a31-11f1-a7ad-f9e8a06a2fad","4"
"CQ14656.md","14656","True","PASS","14656_fellowship_flag_football","","1","14656_fellowship_flag_football","31bcc351-6a31-11f1-a7ad-f9e8a06a2fad","4"
"CQ14657.md","14657","True","PASS","14657_lampstand_window_volley","","1","14657_lampstand_window_volley","31bd0e32-6a31-11f1-a7ad-f9e8a06a2fad","4"
"CQ14658.md","14658","True","PASS","14658_christian_publishing","","1","14658_christian_publishing","31bd57f1-6a31-11f1-a7ad-f9e8a06a2fad","4"
"CQ14659.md","14659","True","PASS","14659_bible_study_ambush","","0","","",""
"CQ14663.md","14663","True","PASS","14663_lydias_bookstore_warehouse","","1","14663_lydias_bookstore_warehouse","31be0616-6a31-11f1-a7ad-f9e8a06a2fad","4"
"CQ14664.md","14664","True","PASS","14664_bible_study_gas_station","","1","14664_bible_study_gas_station","31be575d-6a31-11f1-a7ad-f9e8a06a2fad","4"
"CQ14665.md","14665","True","PASS","14665_bible_study_stop_sign","","1","14665_bible_study_stop_sign","31beae0f-6a31-11f1-a7ad-f9e8a06a2fad","4"
"CQ14668.md","14668","True","PASS","14668_laxative-lies","","1","14668_laxative-lies","31bf60ae-6a31-11f1-a7ad-f9e8a06a2fad","4"
"CQ14669.md","14669","True","PASS","14669","","0","","",""
"CQ14676_church_youth_accusation.md","14676","False","NOT_SCANNED","","","1","14676_church_youth_accusation","31c0bf87-6a31-11f1-a7ad-f9e8a06a2fad","4"
"CQ14678.md","14678","True","PASS","14678_galilee_grill","","0","","",""
"CQ14679.md","14679","True","PASS","14679_fellowship_cup","","0","","",""
"CQ14680.md","14680","True","PASS","14680_christian_bookstore_ricochet","","1","14680_christian_bookstore_ricochet","31c16ff6-6a31-11f1-a7ad-f9e8a06a2fad","4"
"CQ14684.md","14684","True","PASS","14684_peters_third_shot","","0","","",""
"CQ14685.md","14685","True","QUARANTINE","","unknown subject: CRIMINAL_LAW_AND_PROCEDURE; missing or implausibly short stem; missing call; missing choice A; missing choice B; missing choice C; missing choice D","1","14685_peter_hammer","31c212b9-6a31-11f1-a7ad-f9e8a06a2fad","4"
"CQ14690.md","14690","True","PASS","14690_bible_study_protected_victim","","1","14690_bible_study_protected_victim","31c28445-6a31-11f1-a7ad-f9e8a06a2fad","4"
"CQ14695.md","14695","True","QUARANTINE","","missing/unparseable B3 c3_annotation JSON block; missing/unparseable B4 program_elements JSON block; missing/unparseable B5 program_intelligence JSON block","0","","",""
"CQ14701.md","14701","True","QUARANTINE","","missing call","0","","",""
"CQ14728.md","14728","True","QUARANTINE","","missing call","1","14728_bible_quest_projector","31c9e07c-6a31-11f1-a7ad-f9e8a06a2fad","4"
"CQ14730.md","14730","True","QUARANTINE","","missing call","1","14730_potluck_flight","31ca29b8-6a31-11f1-a7ad-f9e8a06a2fad","4"
"CQ14736.md","14736","True","PASS","14736_camp_van_crossing","","1","14736_camp_van_crossing","31cb9147-6a31-11f1-a7ad-f9e8a06a2fad","4"
"CQ14819.md","14819","True","QUARANTINE","","missing/unparseable B3 c3_annotation JSON block; missing/unparseable B4 program_elements JSON block; missing/unparseable B5 program_intelligence JSON block","0","","",""
"CQ14820.md","14820","True","QUARANTINE","","B1 YAML missing barmatrix_row","0","","",""
"CQ14828.md","14828","True","QUARANTINE","","missing or implausibly short stem; missing call; missing choice A; missing choice B; missing choice C; missing choice D","0","","",""
"CQ14831.md","14831","True","QUARANTINE","","missing/unparseable B3 c3_annotation JSON block; missing/unparseable B4 program_elements JSON block; missing/unparseable B5 program_intelligence JSON block","0","","",""
"CQ14859.md","14859","True","PASS","14859_lakeside-bible-study","","0","","",""
"CQ14863.md","14863","True","QUARANTINE","","missing/unparseable B3 c3_annotation JSON block; missing/unparseable B4 program_elements JSON block; missing/unparseable B5 program_intelligence JSON block","0","","",""
"CQ14904.md","14904","True","PASS","14904_best_evidence_refresh","","1","14904_best_evidence_refresh","3233c6e0-6a31-11f1-a7ad-f9e8a06a2fad","4"
"CQ14908.md","14908","True","QUARANTINE","","unknown subject: UNKNOWN; missing or implausibly short stem; missing call; official_key is not A-D; missing choice A; missing choice B; missing choice C; missing choice D","0","","",""
"CQ14931.md","14931","True","QUARANTINE","","missing residual_answer.explanation for correct choice","1","14931_parchment_chapel_lot","325211fa-6a31-11f1-a7ad-f9e8a06a2fad","4"
"CQ14975.md","14975","True","QUARANTINE","","missing or implausibly short stem","0","","",""
"CQ14992.md","14992","True","QUARANTINE","","missing or implausibly short stem; missing call; missing choice A; missing choice B; missing choice C; missing choice D","0","","",""
"CQ15014.md","15014","True","QUARANTINE","","choice A: missing why_attractive (B4); choice A: missing distractor explanation (B3); choice B: missing why_attractive (B4); choice B: missing distractor explanation (B3); choice C: missing why_attractive (B4); choice C: missing distractor explanation (B3); missing residual_answer.explanation for correct choice","1","15014","325c5384-6a31-11f1-a7ad-f9e8a06a2fad","4"
"CQ15031.md","15031","True","QUARANTINE","","choice B: missing why_attractive (B4); choice B: missing distractor explanation (B3); choice C: missing why_attractive (B4); choice C: missing distractor explanation (B3); choice D: missing why_attractive (B4); choice D: missing distractor explanation (B3)","0","","",""
"CQ15054.md","15054","True","QUARANTINE","","B1 YAML missing barmatrix_row","1","15054_sparrowfield_retreat","3263bdcf-6a31-11f1-a7ad-f9e8a06a2fad","4"
"CQ15100.md","15100","True","QUARANTINE","","missing or implausibly short stem","1","15100_naomi-pickup","327f7ea2-6a31-11f1-a7ad-f9e8a06a2fad","4"
"CQ15222.md","15222","True","PASS","15222_mannafuel_lydia_racecar","","0","","",""
"CQ15223.md","15223","True","PASS","15223_lydias_loaves","","0","","",""
"CQ15224.md","15224","True","PASS","15224_bible_workbook_press","","0","","",""
"CQ15253.md","15253","True","PASS","15253_barnabas_quarry_safety_audit","","0","","",""
"CQ15254.md","15254","True","PASS","15254_lydia_selah_blue_dye","","0","","",""
"CQ15255.md","15255","True","PASS","15255","","0","","",""
"CQ15256.md","15256","True","QUARANTINE","","missing call","0","","",""
"CQ15257.md","15257","True","PASS","15257_peter_on_the_ledge","","0","","",""
"CQ15258.md","15258","True","PASS","15258_good_shepherd_dental","","0","","",""
"CQ15259.md","15259","True","PASS","15259","","0","","",""
"CQ15262.md","15262","True","PASS","15262_fiery_furnace_panels","","0","","",""
"CQ15263.md","15263","True","PASS","15263_galilee_gt","","0","","",""
"CQ15264.md","15264","True","PASS","15264_emmaus_roadster","","0","","",""
"CQ16001.md","16001","True","PASS","16001_seminary_baggage_claim","","1","16001_seminary_baggage_claim","31ce09d9-6a31-11f1-a7ad-f9e8a06a2fad","4"
"CQ16019.md","16019","True","QUARANTINE","","missing B1 question YAML block","0","","",""
"CQ16040.md","16040","True","QUARANTINE","","unknown subject: UNKNOWN; missing or implausibly short stem; missing call; official_key is not A-D; missing choice A; missing choice B; missing choice C; missing choice D","0","","",""
"CQ16042.md","16042","True","QUARANTINE","","missing call; missing choice A; missing choice B; missing choice C; missing choice D","0","","",""
"CQ16052.md","16052","True","QUARANTINE","","unknown subject: UNKNOWN; missing or implausibly short stem; missing call; official_key is not A-D; missing choice A; missing choice B; missing choice C; missing choice D","0","","",""
"CQ16060.md","16060","True","QUARANTINE","","unknown subject: UNKNOWN; missing or implausibly short stem; missing call; missing choice A; missing choice B; missing choice C; missing choice D","0","","",""
"CQ16070.md","16070","True","QUARANTINE","","missing or implausibly short stem; missing call","0","","",""
"CQ16135.md","16135","True","QUARANTINE","","missing or implausibly short stem; missing call; missing choice A; missing choice B; missing choice C; missing choice D","0","","",""
"CQ16152.md","16152","True","QUARANTINE","","missing/unparseable B3 c3_annotation JSON block; missing/unparseable B4 program_elements JSON block; missing/unparseable B5 program_intelligence JSON block","0","","",""
"CQ16158.md","16158","True","QUARANTINE","","missing call","0","","",""
"CQ16160_christian_variant.md","16160","False","NOT_SCANNED","","","0","","",""
"CQ16163.md","16163","True","QUARANTINE","","unknown subject: UNKNOWN; missing or implausibly short stem; missing call; official_key is not A-D; missing choice A; missing choice B; missing choice C; missing choice D","0","","",""
"CQ16169.md","16169","True","QUARANTINE","","missing or implausibly short stem; missing call; missing choice A; missing choice B; missing choice C; missing choice D","0","","",""
"CQ16184.md","16184","True","QUARANTINE","","B1 YAML missing barmatrix_row","0","","",""
"CQ16187.md","16187","True","QUARANTINE","","B1 YAML failed to parse: Nested mappings are not allowed in compact mappings at line 9, column 22:","0","","",""
"CQ17015.md","17015","True","QUARANTINE","","missing or implausibly short stem; missing call; missing choice A; missing choice B; missing choice C; missing choice D","0","","",""
"CQ17026.md","17026","True","PASS","17026_manger_prop_bundles","","1","17026_manger_prop_bundles","3193863a-6a31-11f1-a7ad-f9e8a06a2fad","4"
"CQ17034.md","17034","True","QUARANTINE","","B1 YAML failed to parse: Source contains multiple documents; please use YAML.parseAllDocuments() at line 15, column 1:","1","17034_church-mercy-ministry-trauma-notice","313adfff-6a31-11f1-a7ad-f9e8a06a2fad","4"
"CQ17045.md","17045","True","PASS","17045_scripture_banner_cloth","","0","","",""
"CQ17058.md","17058","True","PASS","17058_advent_honey_parcel","","1","17058_advent_honey_parcel","3267203d-6a31-11f1-a7ad-f9e8a06a2fad","4"
"CQ17084.md","17084","True","PASS","17084_five_loaves_bank_records","","1","17084_five_loaves_bank_records","31de7a57-6a31-11f1-a7ad-f9e8a06a2fad","4"
"CQ17091.md","17091","True","QUARANTINE","","missing or implausibly short stem; missing call; missing choice A; missing choice B; missing choice C; missing choice D","0","","",""
"CQ17110.md","17110","True","PASS","17110_sticker_press_guaranty","","1","17110_sticker_press_guaranty","31947c04-6a31-11f1-a7ad-f9e8a06a2fad","4"
"CQ17151.md","17151","True","PASS","17151_carol_program","","1","17151_carol_program","31df1ed2-6a31-11f1-a7ad-f9e8a06a2fad","4"
"CQ17157.md","17157","True","PASS","17157_vocational-rehab","","1","17157_vocational-rehab","315e249b-6a31-11f1-a7ad-f9e8a06a2fad","4"
"CQ17167.md","17167","True","PASS","17167_manger_lights_portal","","1","17167_manger_lights_portal","315ea861-6a31-11f1-a7ad-f9e8a06a2fad","4"
"CQ17173.md","17173","True","PASS","17173_road_to_emmaus_puzzle_quest","","1","17173_road_to_emmaus_puzzle_quest","319573fd-6a31-11f1-a7ad-f9e8a06a2fad","4"
"CQ17200.md","17200","True","QUARANTINE","","B1 YAML failed to parse: All mapping items must start at the same column at line 155, column 1:","0","","",""
"CQ17345.md","17345","True","QUARANTINE","","choice A: missing why_attractive (B4); choice A: missing distractor explanation (B3); choice C: missing why_attractive (B4); choice C: missing distractor explanation (B3); choice D: missing why_attractive (B4); choice D: missing distractor explanation (B3)","1","17345_retreat_cider","31e389e4-6a31-11f1-a7ad-f9e8a06a2fad","4"
"CQ17405.md","17405","True","QUARANTINE","","B1 YAML missing barmatrix_row","0","","",""
"CQ17419.md","17419","True","QUARANTINE","","missing call; missing choice A; missing choice B; missing choice C; missing choice D","0","","",""
"CQ17420.md","17420","True","QUARANTINE","","missing/unparseable B3 c3_annotation JSON block; missing/unparseable B4 program_elements JSON block; missing/unparseable B5 program_intelligence JSON block","0","","",""
"CQ17564.md","17564","True","QUARANTINE","","unknown subject: UNKNOWN; missing or implausibly short stem; missing call; official_key is not A-D; missing choice A; missing choice B; missing choice C; missing choice D","0","","",""
"CQ17685.md","17685","True","PASS","17685_church_basement_dispute","","0","","",""
"CQ17712.md","17712","True","QUARANTINE","","missing B1 question YAML block","0","","",""
"CQ17776.md","17776","True","QUARANTINE","","missing B1 question YAML block","1","17776_hannah-delivery","31e75d98-6a31-11f1-a7ad-f9e8a06a2fad","4"
"CQ17785.md","17785","True","QUARANTINE","","B1 YAML failed to parse: Source contains multiple documents; please use YAML.parseAllDocuments() at line 97, column 1:","0","","",""
"CQ17930.md","17930","True","QUARANTINE","","unknown subject: UNKNOWN; missing or implausibly short stem; missing call; official_key is not A-D; missing choice A; missing choice B; missing choice C; missing choice D","0","","",""
"CQ17979.md","17979","True","PASS","17979_hannahs_tractor","","1","17979_hannahs_tractor","32856184-6a31-11f1-a7ad-f9e8a06a2fad","4"
"CQ18090.md","18090","True","PASS","18090_prayer_journals_price_line","","1","18090_prayer_journals_price_line","31980d30-6a31-11f1-a7ad-f9e8a06a2fad","4"
"CQ18217.md","18217","True","QUARANTINE","","choice A: missing why_attractive (B4); choice A: missing distractor explanation (B3); choice B: missing why_attractive (B4); choice B: missing distractor explanation (B3); choice D: missing why_attractive (B4); choice D: missing distractor explanation (B3)","1","18217_youth_rally_stop","31eda848-6a31-11f1-a7ad-f9e8a06a2fad","4"
"CQ18252.md","18252","True","QUARANTINE","","missing or implausibly short stem; missing call; missing choice A; missing choice B; missing choice C; missing choice D","0","","",""
"CQ18342.md","18342","True","QUARANTINE","","B1 YAML missing barmatrix_row","0","","",""
"CQ18385.md","18385","True","QUARANTINE","","missing B1 question YAML block","1","18385_rebecca-cell","31eff04b-6a31-11f1-a7ad-f9e8a06a2fad","4"
"CQ18442.md","18442","True","QUARANTINE","","missing or implausibly short stem","0","","",""
"CQ18456.md","18456","True","PASS","18456_stephens_chainsaw","","0","","",""
"CQ18550.md","18550","True","QUARANTINE","","missing/unparseable B3 c3_annotation JSON block","0","","",""
"CQ18861.md","18861","True","QUARANTINE","","missing or implausibly short stem","0","","",""
"CQ19064.md","19064","True","QUARANTINE","","missing B1 question YAML block","1","19064_joel-dose","31f6de8e-6a31-11f1-a7ad-f9e8a06a2fad","4"
"CQ19099.md","19099","True","QUARANTINE","","missing residual_answer.explanation for correct choice; choice B: missing distractor explanation (B3); choice C: missing distractor explanation (B3); choice D: missing distractor explanation (B3)","1","19099","31f756de-6a31-11f1-a7ad-f9e8a06a2fad","4"
"CQ19143.md","19143","True","QUARANTINE","","missing B1 question YAML block","1","19143_naomi-impound","31f814d2-6a31-11f1-a7ad-f9e8a06a2fad","4"
"CQ19177.md","19177","True","PASS","19177_manna_wagon_disposal","","1","19177_manna_wagon_disposal","3163fa59-6a31-11f1-a7ad-f9e8a06a2fad","4"
"CQ19194.md","19194","True","PASS","19194_loaves_pages","","1","19194_loaves_pages","31644dde-6a31-11f1-a7ad-f9e8a06a2fad","4"
"CQ19213.md","19213","True","PASS","19213_road_to_emmaus_breezeway","","1","19213_road_to_emmaus_breezeway","3289f5cd-6a31-11f1-a7ad-f9e8a06a2fad","4"
"CQ19228.md","19228","True","PASS","19228_prayer_card_study_bible","","1","19228_prayer_card_study_bible","323b9ac0-6a31-11f1-a7ad-f9e8a06a2fad","4"
"CQ19250.md","19250","True","PASS","19250_scripture_card_printer","","1","19250_scripture_card_printer","3199fa5d-6a31-11f1-a7ad-f9e8a06a2fad","4"
"CQ19263.md","19263","True","PASS","19263_chapel_handbells","","1","19263_chapel_handbells","31f9c833-6a31-11f1-a7ad-f9e8a06a2fad","4"
"CQ19266.md","19266","True","PASS","19266_carol_banquet_jmol","","1","19266_carol_banquet_jmol","3147370c-6a31-11f1-a7ad-f9e8a06a2fad","4"
"CQ19286.md","19286","True","PASS","19286_five_loaves_press","","1","19286_five_loaves_press","31478c83-6a31-11f1-a7ad-f9e8a06a2fad","4"
"CQ19305.md","19305","True","QUARANTINE","","missing or implausibly short stem; missing call; missing choice A; missing choice B; missing choice C; missing choice D","0","","",""
"CQ19336.md","19336","True","PASS","19336_nativity_warehouse_rescue","","1","19336_nativity_warehouse_rescue","31fa9460-6a31-11f1-a7ad-f9e8a06a2fad","4"
"CQ19379.md","19379","True","PASS","19379_hymn_candle_invoice_van","","1","19379_hymn_candle_invoice_van","323c02f3-6a31-11f1-a7ad-f9e8a06a2fad","4"
"CQ19381.md","19381","True","PASS","19381_shepherd_olive_press_deed","","1","19381_shepherd_olive_press_deed","326c91b5-6a31-11f1-a7ad-f9e8a06a2fad","4"
"CQ19386.md","19386","True","PASS","19386_scripture_audio_cap","","1","19386_scripture_audio_cap","319a48f8-6a31-11f1-a7ad-f9e8a06a2fad","4"
"CQ19430.md","19430","True","PASS","19430_harp_instructor_olive_grove","","1","19430_harp_instructor_olive_grove","326d1380-6a31-11f1-a7ad-f9e8a06a2fad","4"
"CQ19434.md","19434","True","PASS","19434_hymn_hands_stimulator","","1","19434_hymn_hands_stimulator","328ac639-6a31-11f1-a7ad-f9e8a06a2fad","4"
"CQ19448.md","19448","True","PASS","19448_praise_night_tshirt_cannon","","1","19448_praise_night_tshirt_cannon","328b0995-6a31-11f1-a7ad-f9e8a06a2fad","4"
"CQ19499.md","19499","True","PASS","19499_jericho_chariot_night","","1","19499_jericho_chariot_night","31fc5832-6a31-11f1-a7ad-f9e8a06a2fad","4"
"CQ19501.md","19501","True","QUARANTINE","","missing or implausibly short stem; missing call; missing choice A; missing choice B; missing choice C; missing choice D","0","","",""
"CQ19502.md","19502","True","PASS","19502_manna_festival_finals_tax","","1","19502_manna_festival_finals_tax","3165553e-6a31-11f1-a7ad-f9e8a06a2fad","4"
"CQ19607.md","19607","True","PASS","19607_cana_hills_bethany_flats","","1","19607_cana_hills_bethany_flats","3165ac9e-6a31-11f1-a7ad-f9e8a06a2fad","4"
"CQ19692.md","19692","True","QUARANTINE","","choice A: missing why_attractive (B4); choice A: missing distractor explanation (B3); choice B: missing why_attractive (B4); choice B: missing distractor explanation (B3); missing residual_answer.explanation for correct choice; choice D: missing why_attractive (B4); choice D: missing distractor explanation (B3)","1","19692","31fee067-6a31-11f1-a7ad-f9e8a06a2fad","4"
"CQ19721.md","19721","True","PASS","19721_jonah_whale_float","","1","19721_jonah_whale_float","314a9c77-6a31-11f1-a7ad-f9e8a06a2fad","4"
"CQ19762.md","19762","True","QUARANTINE","","unknown subject: CRIMINAL_LAW_AND_PROCEDURE; missing call; missing choice A; missing choice B; missing choice C; missing choice D","0","","",""
"CQ19793.md","19793","True","PASS","19793_dove_candle_ledgers","","1","19793_dove_candle_ledgers","314af16e-6a31-11f1-a7ad-f9e8a06a2fad","4"
"CQ19840.md","19840","True","PASS","19840_red_sea_bridge_bolts","","1","19840_red_sea_bridge_bolts","314b43eb-6a31-11f1-a7ad-f9e8a06a2fad","4"
"CQ19904.md","19904","True","PASS","19904_psalm_orchard_foreclosure_notice","","1","19904_psalm_orchard_foreclosure_notice","326e771b-6a31-11f1-a7ad-f9e8a06a2fad","4"
"CQ19982.md","19982","True","PASS","19982_manna_warehouse","","1","19982_manna_warehouse","316801c5-6a31-11f1-a7ad-f9e8a06a2fad","4"
"CQ20004.md","20004","True","PASS","20004_dove_tokens_manna_game","","1","20004_dove_tokens_manna_game","319bdddb-6a31-11f1-a7ad-f9e8a06a2fad","4"
"CQ20014.md","20014","True","QUARANTINE","","B1 YAML missing barmatrix_row","0","","",""
"CQ20024.md","20024","True","PASS","20024_loaves_fishes_crate_count","","1","20024_loaves_fishes_crate_count","328b9d5e-6a31-11f1-a7ad-f9e8a06a2fad","4"
"CQ20031.md","20031","True","QUARANTINE","","choice A: missing why_attractive (B4); choice A: missing distractor explanation (B3); choice B: missing why_attractive (B4); choice B: missing distractor explanation (B3); choice D: missing why_attractive (B4); choice D: missing distractor explanation (B3)","1","20031_hallelujah_handbells","320249da-6a31-11f1-a7ad-f9e8a06a2fad","4"
"CQ20055.md","20055","True","QUARANTINE","","missing call; missing choice A; missing choice B; missing choice C; missing choice D","0","","",""
"CQ20100.md","20100","True","PASS","20100_fish_and_loaves_keychains","","1","20100_fish_and_loaves_keychains","319c2b55-6a31-11f1-a7ad-f9e8a06a2fad","4"
"CQ20123.md","20123","True","PASS","20123_prayer_card_threat_writers","","1","20123_prayer_card_threat_writers","328be4af-6a31-11f1-a7ad-f9e8a06a2fad","4"
"CQ20125.md","20125","True","QUARANTINE","","choice A: missing why_attractive (B4); choice A: missing distractor explanation (B3); choice B: missing why_attractive (B4); choice B: missing distractor explanation (B3); choice C: missing why_attractive (B4); choice C: missing distractor explanation (B3)","0","","",""
"CQ20127.md","20127","True","PASS","20127_jericho_trumpet","","1","20127_jericho_trumpet","32039fff-6a31-11f1-a7ad-f9e8a06a2fad","4"
"CQ20153.md","20153","True","PASS","20153_lampstand_labs","","1","20153_lampstand_labs","3168ab5d-6a31-11f1-a7ad-f9e8a06a2fad","4"
"CQ20168.md","20168","True","QUARANTINE","","missing B1 question YAML block","1","20168_caleb-theft","320472b5-6a31-11f1-a7ad-f9e8a06a2fad","4"
"CQ20186.md","20186","True","PASS","20186_road_to_emmaus_royalty_ledgers","","1","20186_road_to_emmaus_royalty_ledgers","3168f62c-6a31-11f1-a7ad-f9e8a06a2fad","4"
"CQ20213.md","20213","True","PASS","20213_mercy_pool_reliction","","1","20213_mercy_pool_reliction","326fc669-6a31-11f1-a7ad-f9e8a06a2fad","4"
"CQ20231.md","20231","True","PASS","20231_crown_above_caesars","","1","20231_crown_above_caesars","3169b530-6a31-11f1-a7ad-f9e8a06a2fad","4"
"CQ20247.md","20247","True","PASS","20247_bible_memory_kit","","1","20247_bible_memory_kit","314c5e9f-6a31-11f1-a7ad-f9e8a06a2fad","4"
"CQ20258.md","20258","True","PASS","20258_psalter_pressure","","1","20258_psalter_pressure","3205c532-6a31-11f1-a7ad-f9e8a06a2fad","4"
"CQ20271.md","20271","True","PASS","20271_lantern_handbell_evening","","1","20271_lantern_handbell_evening","319c7826-6a31-11f1-a7ad-f9e8a06a2fad","4"
"CQ20291.md","20291","True","PASS","20291_nativity_prop_rental_freeze","","1","20291_nativity_prop_rental_freeze","314cb040-6a31-11f1-a7ad-f9e8a06a2fad","4"
"CQ20307.md","20307","True","PASS","20307_bethany_banners_transcript","","1","20307_bethany_banners_transcript","323e22d7-6a31-11f1-a7ad-f9e8a06a2fad","4"
"CQ20310.md","20310","True","PASS","20310_psalms_wax_lamp","","1","20310_psalms_wax_lamp","328d04f5-6a31-11f1-a7ad-f9e8a06a2fad","4"
"CQ20312.md","20312","True","PASS","20312_loaves_fishes_retreat","","1","20312_loaves_fishes_retreat","327006e6-6a31-11f1-a7ad-f9e8a06a2fad","4"
"CQ20313.md","20313","True","PASS","20313_bethlehem_olivewood_crosses","","1","20313_bethlehem_olivewood_crosses","323e56b1-6a31-11f1-a7ad-f9e8a06a2fad","4"
"CQ20328.md","20328","True","PASS","20328_bethlehem_star_drop","","1","20328_bethlehem_star_drop","328d4c40-6a31-11f1-a7ad-f9e8a06a2fad","4"
"CQ20351.md","20351","True","PASS","20351_red_sea_mini_golf","","1","20351_red_sea_mini_golf","319d180f-6a31-11f1-a7ad-f9e8a06a2fad","4"
"CQ20353.md","20353","True","PASS","20353_baptism_tank_burst","","1","20353_baptism_tank_burst","314d1cf1-6a31-11f1-a7ad-f9e8a06a2fad","4"
"CQ20370.md","20370","True","PASS","20370_dove_mug_notice","","1","20370_dove_mug_notice","319d6607-6a31-11f1-a7ad-f9e8a06a2fad","4"
"CQ20387.md","20387","True","PASS","20387_psalms_chess_indictment","","1","20387_psalms_chess_indictment","3206d0ad-6a31-11f1-a7ad-f9e8a06a2fad","4"
"CQ20404.md","20404","True","PASS","20404_acts_axes_cash_loads","","1","20404_acts_axes_cash_loads","323ebd1c-6a31-11f1-a7ad-f9e8a06a2fad","4"
"CQ20423.md","20423","True","PASS","20423_galilee_props_bias","","1","20423_galilee_props_bias","323eeddc-6a31-11f1-a7ad-f9e8a06a2fad","4"
"CQ20439.md","20439","True","PASS","20439_floating_star_driveway","","1","20439_floating_star_driveway","328d9604-6a31-11f1-a7ad-f9e8a06a2fad","4"
"CQ20461.md","20461","True","PASS","20461_lydia_beeswax_requirements","","1","20461_lydia_beeswax_requirements","319e0585-6a31-11f1-a7ad-f9e8a06a2fad","4"
"CQ20470.md","20470","True","QUARANTINE","","B1 YAML missing barmatrix_row","0","","",""
"CQ20476.md","20476","True","PASS","20476_road_to_bethlehem_sash","","1","20476_road_to_bethlehem_sash","3207dd3a-6a31-11f1-a7ad-f9e8a06a2fad","4"
"CQ20493.md","20493","True","PASS","20493_fish_mark_picnic_lot","","1","20493_fish_mark_picnic_lot","32708c36-6a31-11f1-a7ad-f9e8a06a2fad","4"
"CQ20496.md","20496","True","PASS","20496_loaves_prop_cart","","1","20496_loaves_prop_cart","328de1ba-6a31-11f1-a7ad-f9e8a06a2fad","4"
"CQ20516.md","20516","True","PASS","20516_manna_games_duress","","1","20516_manna_games_duress","3208a914-6a31-11f1-a7ad-f9e8a06a2fad","4"
"CQ20523.md","20523","True","PASS","20523_easter_stage_guaranty","","1","20523_easter_stage_guaranty","319ea344-6a31-11f1-a7ad-f9e8a06a2fad","4"
"CQ20542.md","20542","True","PASS","20542_praise_festival_cashbox","","1","20542_praise_festival_cashbox","3208f144-6a31-11f1-a7ad-f9e8a06a2fad","4"
"CQ20546.md","20546","True","PASS","20546_jericho_wall_studio","","1","20546_jericho_wall_studio","328e2c55-6a31-11f1-a7ad-f9e8a06a2fad","4"
"CQ20556.md","20556","True","PASS","20556_mustard_seed_puppet_caravan","","1","20556_mustard_seed_puppet_caravan","319f43a5-6a31-11f1-a7ad-f9e8a06a2fad","4"
"CQ20565.md","20565","True","PASS","20565_purple_gear_hymnbook_tote","","1","20565_purple_gear_hymnbook_tote","323f80fc-6a31-11f1-a7ad-f9e8a06a2fad","4"
"CQ20567.md","20567","True","PASS","20567_psalm_panels_venue","","1","20567_psalm_panels_venue","314dc5f2-6a31-11f1-a7ad-f9e8a06a2fad","4"
"CQ20569.md","20569","True","PASS","20569_ark_float","","1","20569_ark_float","319f923c-6a31-11f1-a7ad-f9e8a06a2fad","4"
"CQ20575.md","20575","True","QUARANTINE","","missing B1 question YAML block","1","20575_miriam-sedan","320934a2-6a31-11f1-a7ad-f9e8a06a2fad","4"
"CQ20586.md","20586","True","PASS","20586_psalms_hormone_use","","1","20586_psalms_hormone_use","316a97d0-6a31-11f1-a7ad-f9e8a06a2fad","4"
"CQ20594.md","20594","True","PASS","20594_daniels_whale_float","","1","20594_daniels_whale_float","328e7419-6a31-11f1-a7ad-f9e8a06a2fad","4"
"CQ20595.md","20595","True","QUARANTINE","","missing or implausibly short stem","0","","",""
"CQ20597.md","20597","True","PASS","20597_olivewood_nativity_craft_swap","","1","20597_olivewood_nativity_craft_swap","3209b84f-6a31-11f1-a7ad-f9e8a06a2fad","4"
"CQ20598.md","20598","True","PASS","20598_write_it_on_your_heart","","1","20598_write_it_on_your_heart","328ebe01-6a31-11f1-a7ad-f9e8a06a2fad","4"
"CQ20599.md","20599","True","PASS","20599_advent_handbell_integration","","1","20599_advent_handbell_integration","319fe3ca-6a31-11f1-a7ad-f9e8a06a2fad","4"
"CQ20602.md","20602","True","PASS","20602_davids_harp_projector","","1","20602_davids_harp_projector","323fb1ed-6a31-11f1-a7ad-f9e8a06a2fad","4"
"CQ20603.md","20603","True","PASS","20603_road_to_emmaus_escape_room","","1","20603_road_to_emmaus_escape_room","328f0730-6a31-11f1-a7ad-f9e8a06a2fad","4"
"CQ20605.md","20605","True","PASS","20605_scripture_quiz_whisper","","1","20605_scripture_quiz_whisper","328f5271-6a31-11f1-a7ad-f9e8a06a2fad","4"
"CQ20606.md","20606","True","PASS","20606_lydia_festival_venue","","1","20606_lydia_festival_venue","314e1965-6a31-11f1-a7ad-f9e8a06a2fad","4"
"CQ20627.md","20627","True","PASS","20627_ruth_hymn_poster_contract","","1","20627_ruth_hymn_poster_contract","314e6ba9-6a31-11f1-a7ad-f9e8a06a2fad","4"
"CQ20636.md","20636","True","PASS","15010","","0","","",""
"CQ20638.md","20638","True","PASS","20638_advent_rescue_beacons","","1","20638_advent_rescue_beacons","316b20eb-6a31-11f1-a7ad-f9e8a06a2fad","4"
"CQ20649.md","20649","True","PASS","20649_christmas_pageant_platform","","1","20649_christmas_pageant_platform","328f9d30-6a31-11f1-a7ad-f9e8a06a2fad","4"
"CQ20654.md","20654","True","PASS","20654_nativity_ornaments_volition","","1","20654_nativity_ornaments_volition","320a4624-6a31-11f1-a7ad-f9e8a06a2fad","4"
"CQ20690.md","20690","True","PASS","20690_bethlehem_star_drone","","1","20690_bethlehem_star_drone","314ebf1c-6a31-11f1-a7ad-f9e8a06a2fad","4"
"CQ20708.md","20708","True","QUARANTINE","","missing or implausibly short stem","0","","",""
"CQ20714.md","20714","True","PASS","20714_prayer_robotics_kits","","1","20714_prayer_robotics_kits","316b5a33-6a31-11f1-a7ad-f9e8a06a2fad","4"
"CQ20717.md","20717","True","PASS","20717_ruths_hymn_recording_procedure","","1","20717_ruths_hymn_recording_procedure","328fd5ec-6a31-11f1-a7ad-f9e8a06a2fad","4"
"CQ20725.md","20725","True","PASS","20725_emmaus_laser_cutter","","1","20725_emmaus_laser_cutter","32901cd4-6a31-11f1-a7ad-f9e8a06a2fad","4"
"CQ20727.md","20727","True","PASS","20727_easter_garden_blast_hose","","0","","",""
"CQ20728.md","20728","True","PASS","20728_star_stable_stall","","1","20728_star_stable_stall","32718c51-6a31-11f1-a7ad-f9e8a06a2fad","4"
"CQ20729.md","20729","True","PASS","20729_courtyard_stormwater","","1","20729_courtyard_stormwater","3271caf7-6a31-11f1-a7ad-f9e8a06a2fad","4"
"CQ20730.md","20730","True","PASS","20730_shepherd_sling_fair","","1","20730_shepherd_sling_fair","32906507-6a31-11f1-a7ad-f9e8a06a2fad","4"
"CQ20733.md","20733","True","PASS","20733_galilee_trails_death_notice","","1","20733_galilee_trails_death_notice","3290aabb-6a31-11f1-a7ad-f9e8a06a2fad","4"
"CQ20735.md","20735","True","PASS","20735_bethlehem_donkey_blower","","1","20735_bethlehem_donkey_blower","3290f136-6a31-11f1-a7ad-f9e8a06a2fad","4"
"CQ20737.md","20737","True","PASS","20737_jonahs_whale_lyre","","1","20737_jonahs_whale_lyre","31a0824a-6a31-11f1-a7ad-f9e8a06a2fad","4"
"CQ20744.md","20744","True","PASS","20744_bethlehem_loading_lane","","1","20744_bethlehem_loading_lane","32913a71-6a31-11f1-a7ad-f9e8a06a2fad","4"
"CQ20760.md","20760","True","PASS","20760_rubber_stamp_mail_fraud","","1","20760_rubber_stamp_mail_fraud","323fe54d-6a31-11f1-a7ad-f9e8a06a2fad","4"
"CQ20805.md","20805","True","PASS","20805_psalm_lanterns_confirmation","","0","","",""
"CQ20808.md","20808","True","PASS","20808_jericho_press","","1","20808_jericho_press","31a1293e-6a31-11f1-a7ad-f9e8a06a2fad","4"
"CQ20811.md","20811","True","PASS","20811_illuminated_psalms_solvent","","1","20811_illuminated_psalms_solvent","314f1216-6a31-11f1-a7ad-f9e8a06a2fad","4"
"CQ20903.md","20903","True","QUARANTINE","","missing/unparseable B3 c3_annotation JSON block","0","","",""
"CQ21105.md","21105","True","QUARANTINE","","missing call","0","","",""
"CQ21131.md","21131","True","QUARANTINE","","choice A: missing why_attractive (B4); choice A: missing distractor explanation (B3); missing residual_answer.explanation for correct choice; choice C: missing why_attractive (B4); choice C: missing distractor explanation (B3); choice D: missing why_attractive (B4); choice D: missing distractor explanation (B3)","1","21131","321095dd-6a31-11f1-a7ad-f9e8a06a2fad","4"
"CQ21244.md","21244","True","QUARANTINE","","choice A: missing distractor explanation (B3); choice B: missing distractor explanation (B3); choice D: missing distractor explanation (B3)","1","21244","32124c73-6a31-11f1-a7ad-f9e8a06a2fad","4"
"CQ21410.md","21410","True","QUARANTINE","","missing residual_answer.explanation for correct choice; choice B: missing distractor explanation (B3); choice C: missing distractor explanation (B3); choice D: missing distractor explanation (B3)","0","","",""
"CQ21449.md","21449","True","QUARANTINE","","missing or implausibly short stem; missing call; missing choice A; missing choice B; missing choice C; missing choice D","0","","",""
"CQ21599.md","21599","True","QUARANTINE","","B1 YAML missing barmatrix_row","0","","",""
"CQ21650.md","21650","True","QUARANTINE","","B1 YAML failed to parse: Source contains multiple documents; please use YAML.parseAllDocuments() at line 15, column 1:","0","","",""
"CQ21707.md","21707","True","QUARANTINE","","missing or implausibly short stem","1","21707","3217585b-6a31-11f1-a7ad-f9e8a06a2fad","4"
"CQ21711.md","21711","True","PASS","21711_foam_whale_nativity_attachment","","1","21711_foam_whale_nativity_attachment","31500d28-6a31-11f1-a7ad-f9e8a06a2fad","4"
"CQ21752.md","21752","True","PASS","21752_olive_oil_ramp","","1","21752_olive_oil_ramp","3293b2d2-6a31-11f1-a7ad-f9e8a06a2fad","4"
"CQ21770.md","21770","True","QUARANTINE","","missing B1 question YAML block","1","21770_abigail-stool","3217a330-6a31-11f1-a7ad-f9e8a06a2fad","4"
"CQ21845.md","21845","True","QUARANTINE","","missing or implausibly short stem","0","","",""
"CQ21848.md","21848","True","PASS","21848_manna_house_family_integrity","","1","21848_manna_house_family_integrity","316dab2f-6a31-11f1-a7ad-f9e8a06a2fad","4"
"CQ21867.md","21867","True","PASS","21867_psalm_puzzle_booth","","1","21867_psalm_puzzle_booth","32188c34-6a31-11f1-a7ad-f9e8a06a2fad","4"
"CQ21869.md","21869","True","PASS","21869_tiny_house_hymn_sheet","","1","21869_tiny_house_hymn_sheet","3218db87-6a31-11f1-a7ad-f9e8a06a2fad","4"
"CQ21872.md","21872","True","PASS","21872_scripturequest_price_gate","","1","21872_scripturequest_price_gate","316dfe7e-6a31-11f1-a7ad-f9e8a06a2fad","4"
"CQ21879.md","21879","True","PASS","21879_noahs_ark_puppet_set","","1","21879_noahs_ark_puppet_set","31a3cc15-6a31-11f1-a7ad-f9e8a06a2fad","4"
"CQ22139.md","22139","True","QUARANTINE","","missing or implausibly short stem","0","","",""
"CQ22161.md","22161","True","QUARANTINE","","missing/unparseable B3 c3_annotation JSON block; missing/unparseable B4 program_elements JSON block; missing/unparseable B5 program_intelligence JSON block","0","","",""
"CQ22266.md","22266","True","QUARANTINE","","missing or implausibly short stem; missing call; missing choice A; missing choice B; missing choice C; missing choice D","0","","",""
"CQ22408.md","22408","True","QUARANTINE","","missing residual_answer.explanation for correct choice; choice B: missing why_attractive (B4); choice B: missing distractor explanation (B3); choice C: missing why_attractive (B4); choice C: missing distractor explanation (B3); choice D: missing why_attractive (B4); choice D: missing distractor explanation (B3)","1","22408","321f30cc-6a31-11f1-a7ad-f9e8a06a2fad","4"
"CQ22409.md","22409","True","QUARANTINE","","missing residual_answer.explanation for correct choice","1","22409","321f67b4-6a31-11f1-a7ad-f9e8a06a2fad","4"
"CQ22410.md","22410","True","PASS","22410","","0","","",""
"CQ22729.md","22729","True","QUARANTINE","","missing or implausibly short stem","0","","",""
