BARMATRIX Q#,Finished
14555,Completed
14556,Completed
14557,
14558,Completed
14559,
14560,
14561,
14562,
14563,
14564,
14565,
14566,
14567,
14568,Completed
14571,
14572,
14574,Completed
14575,
14578,
14579,
14582,Completed
14584,
14585,
14586,Completed
14587,
14588,Completed
14590,Completed
14591,
14592,
14593,
14594,
14595,
14596,Completed
14599,Completed
14600,
14601,
14602,
14603,
14605,Completed
14607,
14609,Completed
14610,Completed
14615,Completed
14616,Completed
14618,
14619,Completed
14620,Completed
14621,Completed
14625,Completed
14626,Completed
14630,Completed
14631,Completed
14633,Completed
14634,Completed
14635,Completed
14636,Completed
14637,Completed
14638,Completed
14639,Completed
14640,Completed
14641,Completed
14642,Completed
14643,Completed
14644,Completed
14645,Completed
14649,Completed
14650,Completed
14652,
14654,Completed
14655,Completed
14656,Completed
14657,Completed
14659,
14660,
14661,
14662,
14663,Completed
14664,Completed
14665,Completed
14667,
14668,
14669,
14670,
14671,
14675,
14676,
14677,
14678,
14679,
14680,
14681,
14684,
14685,
14687,
14690,Completed
14691,
14692,
14693,
14694,
14695,
14696,
14697,Completed
14698,Completed
14700,
14707,
14708,
14709,
14710,
14711,Completed
14712,
14713,
14714,
14715,
14716,
14718,
14719,
14720,
14721,Completed
14723,
14724,
14725,Completed
14726,
14727,
14728,Completed
14730,Completed
14731,
14733,
14734,
14735,
14736,
14740,
14742,
14743,
14744,Completed
14745,
14748,Completed
16000,
16001,Completed
16002,
16003,
16004,
16005,
16006,
16007,
16008,
16009,
16011,
16012,
16013,
16014,
16015,
16016,
16017,
16018,
16019,
16021,
16022,
16023,
16024,
16025,
16026,
16027,
16028,
16029,
16030,
16031,
16032,
16033,
16034,
16035,
16036,
16037,
16039,
16040,
16041,
16042,
16043,
16044,
16045,
16046,
16047,
16048,
16049,
16050,
16051,
16052,
16053,
16054,
16055,
16056,
16057,
16059,
16060,
16061,
16062,
16063,
16064,
16065,
16066,
16067,
16068,
16069,
16070,
16071,
16072,
16073,
16074,
16075,
16076,
16077,
16078,
16079,
16080,
16081,
16082,
16083,
16085,
16086,
16088,
16089,
16090,
16091,
16092,
16093,
16094,
16095,
16097,
16098,
16099,
16100,
16101,
16102,
16103,
16104,
16105,
16107,
16108,
16110,
16111,
16112,
16113,
16114,
16115,
16116,
16118,
16119,
16120,
16121,
16122,
16123,
16124,
16125,
16126,
16127,Completed
16128,
16129,
16130,
16131,
16133,
16134,
16135,
16136,
16137,
16138,
16139,
16140,
16142,
16147,
16148,
16149,
16150,
16151,
16152,
16153,
16154,
16155,
16156,
16157,
16158,
16159,
16160,
16161,
16162,
16164,
16165,
16166,
16167,
16168,
16169,
16170,
16171,
16172,
16173,
16174,
16175,
16176,
16177,
16178,
16179,
16180,
16181,
16182,
16183,
16184,
16185,
16186,
16187,
16188,
16195,
16196,
16197,
16198,
16199,
16200,
16201,
16202,
16203,
16204,
16205,
16206,
16207,
16208,
17028,
17052,
17055,
17063,
17076,
17080,
17084,Completed
17097,
17104,
17127,
17149,
17151,Completed
17153,
17165,
17168,
17178,
17186,
17187,
17196,
17200,
17203,
17205,
17208,
17225,Completed
17244,
17246,
17252,
17279,
17286,
17294,
17298,
17309,
17312,
17320,
17324,
17328,
17332,
17337,
17345,
17358,
17361,
17362,
17363,
17367,
17370,
17371,
17375,
17386,
17405,
17423,
17425,
17426,
17434,
17444,
17453,
17478,
17486,
17490,
17495,
17522,
17534,
17538,
17556,
17564,
17566,
17576,
17589,
17590,
17594,
17597,
17613,
17622,
17626,
17646,
17647,
17657,
17671,
17682,
17712,
17726,
17746,
17760,
17776,
17786,
17823,
17827,
17828,
17842,
17852,
17855,
17859,Completed
17870,
17871,
17873,
17880,
17883,
17884,
17887,
17893,
17894,
17923,
17929,
17930,
17947,
17950,
17959,
17963,
17966,
17969,
17985,
17993,
18001,
18002,
18017,
18020,
18029,
18031,
18032,
18039,
18063,
18066,
18069,
18101,
18102,
18106,
18109,
18111,Completed
18120,
18123,
18125,
18132,
18147,
18156,
18163,
18171,
18174,
18217,
18228,
18239,
18273,
18279,
18296,
18300,
18308,
18317,
18323,
18329,
18335,
18342,
18352,
18355,
18356,
18357,
18363,
18365,
18376,
18385,
18399,
18400,
18406,
18407,
18413,
18415,
18420,
18431,
18442,
18447,
18456,
18465,
18466,
18471,
18477,Completed
18484,
18493,
18496,
18500,
18501,
18518,
18550,
18551,
18554,
18563,
18565,
18574,
18580,
18581,
18587,
18598,
18599,
18601,
18610,
18620,
18625,
18640,
18678,
18681,
18682,
18690,
18703,
18707,
18714,
18718,
18721,
18737,
18747,Completed
18759,
18765,
18768,
18778,
18786,
18788,
18812,
18822,
18823,
18829,
18843,Completed
18850,
18857,
18861,
18864,
18884,
18892,
18909,
18932,
18934,
18944,
18956,
18964,
18968,
18980,
18983,
18988,
18992,
19000,
19005,
19008,
19019,
19027,
19033,
19035,
19042,
19055,
19057,
19064,
19074,
19075,
19080,
19082,
19083,
19099,
19105,
19115,
19133,
19143,
19144,
19155,
19163,
19167,
19170,
19175,
19229,
19232,
19233,
19261,
19263,Completed
19271,
19281,
19289,
19309,
19322,
19336,Completed
19345,
19346,
19347,
19356,
19357,
19360,
19361,
19367,
19369,
19420,
19454,
19459,
19462,
19463,
19471,
19480,
19481,
19484,
19499,Completed
19500,
19501,
19508,
19538,
19554,Completed
19566,
19572,
19596,
19597,
19602,
19619,
19628,
19633,
19636,
19651,
19676,
19691,
19692,
19712,
19720,
19731,
19733,
19737,
19743,
19746,
19751,
19757,
19762,
19767,
19770,
19771,
19781,
19796,
19823,
19827,
19833,
19846,
19848,
19863,
19864,
19870,
19882,
19886,
19893,
19898,
19908,
19915,
19934,
19937,
19951,
19954,
19955,
19956,
19957,
19964,
19969,
19972,
19981,
19992,
19995,
19996,
20023,
20031,
20034,
20036,
20040,
20055,
20089,
20095,
20096,
20097,
20108,
20112,
20122,
20127,Completed
20131,
20133,
20150,
20165,
20168,
20180,
20188,
20194,
20197,
20205,
20225,
20227,
20228,
20233,
20250,
20258,Completed
20263,
20265,
20268,
20280,
20314,
20320,
20323,
20335,
20347,
20350,
20385,
20387,Completed
20391,
20397,
20412,
20416,
20421,
20426,
20427,
20449,
20472,
20476,Completed
20483,
20484,
20497,
20503,
20516,Completed
20528,
20542,Completed
20548,
20555,
20575,
20580,
20592,
20595,
20597,Completed
20601,
20611,
20629,
20636,
20640,
20654,Completed
20658,
20672,
20674,
20687,
20689,
20691,
20698,
20700,
20708,
20749,
20780,
20789,
20793,
20797,
20806,
20812,
20816,
20820,
20828,
20836,
20876,
20881,
20882,
20888,
20889,
20903,
20931,
20936,
20938,
20943,
20945,
20948,
20953,
20954,
20961,
20971,
20984,
20988,
20990,
20996,
21004,
21006,
21011,
21022,
21024,
21027,
21031,
21037,
21040,
21058,
21074,
21076,
21080,
21081,
21084,
21105,
21121,
21130,
21131,
21143,
21151,
21153,
21156,
21157,
21165,
21168,
21171,
21184,
21189,
21191,
21196,
21197,
21234,
21244,
21245,
21263,
21273,
21284,
21306,
21320,
21323,
21326,
21342,
21344,
21348,
21357,
21358,
21367,
21374,
21410,
21412,
21413,
21420,
21425,
21426,
21432,
21460,
21464,
21476,
21489,
21494,
21497,
21499,
21504,
21526,
21530,
21538,
21539,
21562,
21572,
21583,
21596,
21597,
21599,
21601,
21604,
21605,
21606,
21607,
21619,
21620,
21629,
21638,
21640,
21650,
21651,
21657,
21675,
21689,
21690,
21699,
21700,
21706,
21707,
21718,
21719,
21723,
21754,
21763,
21770,
21783,
21787,
21789,
21797,
21804,
21812,
21830,
21843,
21845,
21852,
21867,Completed
21869,Completed
21875,
22274,Completed
22275,Completed
22277,
22281,
22284,Completed
22286,Completed
22287,Completed
22288,Completed
22291,Completed
22292,Completed
22293,Completed
22297,
22299,
22303,
22306,
22309,
22311,
22313,
22316,
22319,
22321,
22325,
22327,
22328,
22330,
22331,
22335,
22338,
22341,
22343,
22346,
22349,
22350,
22362,
22364,
22365,
22367,
22369,
22370,
22375,
22380,
22382,
22383,
22384,
22392,
22398,
22400,
22402,
22405,
22408,
22409,
22410,
22411,
